origin,destination,origin_state,dest_state,distance_km,demand_basic,demand_enhanced
Ikeja,Abeokuta,Lagos,Ogun,80.96262684075342,193437069.1460552,160663010.9181487
Ikeja,Ibadan,Lagos,Oyo,139.2885166784078,79392914.44391687,78183332.12857175
Ikeja,Oshogbo,Lagos,Osun,242.76227394348984,26778918.9549352,24790560.50366198
Owerri,Port Harcourt,Imo,Rivers,101.22834519738956,50869684.901906334,23355741.020400316
Umuahia,Owerri,Abia,Imo,66.44051527398598,63943974.40707081,21944834.479650814
Ikeja,Benin City,Lagos,Edo,331.05870924870084,15890062.605877606,19601811.885897774
Abeokuta,Ibadan,Ogun,Oyo,86.36720173658516,52563308.52751847,19434184.96797183
Ikeja,Ilorin,Lagos,Kwara,323.7902378505117,15053168.845955212,14761746.70246153
Ibadan,Oshogbo,Oyo,Osun,107.62938873629412,42127452.149204545,14564749.614806488
Ilorin,Oshogbo,Kwara,Osun,103.20680511237131,46941107.94783987,13537995.162309578
Uyo,Calabar,Akwa Ibom,Cross River,58.483781266929455,63908142.17947949,13311633.200311026
Ikeja,Ondo,Lagos,Ondo,226.63665961701253,16078511.784612674,12397318.77331258
Boji-Boji,Benin City,Delta,Edo,84.1331996737627,33908505.713025734,9587230.802320817
Uyo,Port Harcourt,Akwa Ibom,Rivers,137.34175225137355,19911069.785958346,7536357.922923312
Ikeja,Owerri,Lagos,Imo,554.5888936075825,5167849.326799039,7371741.401208437
Owerri,Uyo,Imo,Akwa Ibom,144.96486691747285,17388992.123464096,7102912.139724331
Umuahia,Port Harcourt,Abia,Rivers,127.34985054153678,17888279.009600587,6549546.927064285
Umuahia,Uyo,Abia,Akwa Ibom,95.01705822350438,22526768.16424599,6440765.975982126
Ikeja,Port Harcourt,Lagos,Rivers,589.800950250014,4696140.399007428,6352506.330445936
Owerri,Benin City,Imo,Edo,236.59031606287945,9927800.203650637,5529084.942434941
Ibadan,Ilorin,Oyo,Kwara,185.05381443317512,14250524.811744506,5490882.132068534
Ondo,Oshogbo,Ondo,Osun,108.8688165444364,22075661.958658222,5433912.1068033725
Tudun Wada,Kano,Kaduna,Kano,265.91273407798553,12223688.907390937,5092995.024196151
Ado-Ekiti,Ikeja,Ekiti,Lagos,307.34349881832526,6627468.575096762,4934705.117671724
Enugu,Owerri,Enugu,Imo,154.34845506571867,10757762.04675128,4424374.998865945
Ado-Ekiti,Oshogbo,Ekiti,Osun,99.95561511853968,19851618.323717922,4364639.353668137
Ondo,Ibadan,Ondo,Oyo,139.79740868420035,13067106.588391542,4019663.8336758944
Awka,Owerri,Anambra,Imo,105.68063870628993,11730406.849138282,3985528.973328088
Abeokuta,Oshogbo,Ogun,Osun,193.08015167761096,10775766.978823222,3936563.702718555
Ondo,Benin City,Ondo,Edo,156.8958919478753,11729454.172061326,3890011.0106698703
Kano,Ikeja,Kano,Lagos,1073.688023492444,2342831.752958157,3776107.500170244
Benin City,Port Harcourt,Edo,Rivers,286.647561,6951047.958971655,3768059.057630293
Benin City,Oshogbo,Edo,Osun,260.49686516638207,8131023.388513055,3534252.726589745
Ibadan,Benin City,Oyo,Edo,288.223862,6482571.0278438525,3418042.5456015123
Ikeja,Boji-Boji,Lagos,Delta,415.176655881321,3982748.0356846987,3347230.6678208164
Awka,Enugu,Anambra,Enugu,70.15765225617413,13449831.8074672,3246818.1137646954
Kano,Funtua,Kano,Katsina,183.45027514995036,13459977.199446835,2932709.137393074
Owerri,Boji-Boji,Imo,Delta,163.1441477128725,8230325.288155091,2770759.047741346
Ikeja,Uyo,Lagos,Akwa Ibom,697.9890156475369,2350668.79869322,2723073.756388738
Calabar,Port Harcourt,Cross River,Rivers,191.89376919408653,8467763.568824103,2701554.0137011707
Tudun Wada,Ikeja,Kaduna,Lagos,811.0408020114194,2423475.862261538,2639961.1090964926
Ikeja,Umuahia,Lagos,Abia,616.6240746617295,2326555.1000464647,2581976.5127825066
Owerri,Calabar,Imo,Cross River,201.67136613841717,7459370.185682074,2566060.1967652747
Ikeja,Enugu,Lagos,Enugu,597.8984647190522,2246778.7976071136,2509019.9093981367
Umuahia,Enugu,Abia,Enugu,132.99690276192956,8063908.105428793,2451953.603340676
Abeokuta,Ilorin,Ogun,Kwara,257.8311924119103,6042999.241754195,2339059.1117072976
Ado-Ekiti,Ondo,Ekiti,Ondo,94.00778819286128,11744468.681354132,2153852.5637640115
Benin City,Ilorin,Edo,Kwara,348.5704601664201,4541183.523479849,2092276.4199676348
Enugu,Port Harcourt,Enugu,Rivers,234.039656,4808918.69605068,2013407.992921313
Enugu,Benin City,Enugu,Edo,248.853819,4534415.903925945,1967267.1593999625
Umuahia,Calabar,Abia,Cross River,145.51215130777928,7974330.565579077,1957396.2551474664
Abeokuta,Benin City,Ogun,Edo,348.09718548370284,3658496.4586871797,1883201.740352884
Ado-Ekiti,Ilorin,Ekiti,Kwara,159.59593162846645,7786937.274901379,1880018.1754433385
Tudun Wada,Funtua,Kaduna,Katsina,146.68678513778966,12425843.067964835,1850749.8407153473
Ado-Ekiti,Benin City,Ekiti,Edo,194.15466690407052,5806238.206600109,1825777.9750601067
Ondo,Ilorin,Ondo,Kwara,207.7610475728105,6061672.745882229,1697944.4799539233
Umuahia,Benin City,Abia,Edo,292.5201614127911,3614410.419260272,1599699.1030035934
Ado-Ekiti,Ibadan,Ekiti,Oyo,190.92319105915828,5310676.866335554,1579810.2411581117
Ikeja,Calabar,Lagos,Cross River,755.7705253681893,1664559.8900920837,1544550.1428592713
Abeokuta,Ondo,Ogun,Ondo,213.9606519874606,4592047.413054899,1445950.8612806718
Umuahia,Awka,Abia,Anambra,116.60146524123026,5362879.454276767,1415407.4608411572
Enugu,Uyo,Enugu,Akwa Ibom,212.99659188768905,4070217.7011192907,1384694.4033007007
Ikeja,Awka,Lagos,Anambra,538.7740844669586,1414422.72265072,1378551.9546721766
Uyo,Benin City,Akwa Ibom,Edo,381.1922549419794,2755467.2988736583,1309354.196542457
Boji-Boji,Port Harcourt,Delta,Rivers,242.9375396704933,3814789.430231295,1302668.410101821
Awka,Benin City,Anambra,Edo,207.7612778291725,3325509.4226517156,1240133.6840590767
Awka,Port Harcourt,Anambra,Rivers,206.89156731725603,3145706.3855925878,1145084.3434485598
Ibadan,Owerri,Oyo,Imo,525.6135688667924,1779059.8131227503,1103276.7521879934
Owerri,Oshogbo,Imo,Osun,488.2813638934121,2112158.2343744054,1085747.3591659688
Abakaliki,Enugu,Ebonyi,Enugu,89.33179214610932,6519612.410970431,1034334.7554469971
Kano,Jos,Kano,Plateau,297.862866,3851294.6722214194,1021943.0115030851
Kano,Benin City,Kano,Edo,837.1603240000001,1347332.6141467937,956530.894658687
Ibadan,Port Harcourt,Oyo,Rivers,573.254762,1537192.2032203253,908563.3962617912
Enugu,Boji-Boji,Enugu,Delta,187.14732941622276,3160499.6406606296,843358.4869487165
Owerri,Ilorin,Imo,Kwara,563.5072239041718,1585870.6912596924,838911.1598031502
Kano,Ilorin,Kano,Kwara,758.2330071726327,1488354.9515231804,827174.1732021415
Port Harcourt,Oshogbo,Rivers,Osun,560.4800848232317,1647578.8436033837,815499.0700926263
Awka,Boji-Boji,Anambra,Delta,123.79173385099148,3692471.470184554,808387.3268186382
Kano,Gombe,Kano,Gombe,451.0142899429073,2564461.5387546453,789654.2967410611
Kano,Ibadan,Kano,Oyo,865.3527290000001,1115276.344548746,756559.9354502178
Tudun Wada,Ilorin,Kaduna,Kwara,501.85439892404935,2005317.7799559066,733586.4945025372
Umuahia,Boji-Boji,Abia,Delta,212.87777894442036,2690304.607296445,727551.6259661813
Ondo,Owerri,Ondo,Imo,391.3739236434385,1720416.943100983,714462.1260663762
Abeokuta,Owerri,Ogun,Imo,581.8098582343265,1195248.0586020544,711123.0856993655
Bida,Ikeja,Niger,Lagos,524.1027839798353,1417776.660462764,706623.6643637663
Tudun Wada,Jos,Kaduna,Plateau,226.62271540837347,3926986.2883466436,705276.4666306155
Enugu,Calabar,Enugu,Cross River,244.994150362368,2554125.454788956,704468.3526307642
Kano,Owerri,Kano,Imo,965.8909811004816,923745.6606804131,703844.7817991609
Kano,Oshogbo,Kano,Osun,831.1511314469863,1238659.3576452194,701161.0782212612
Calabar,Benin City,Cross River,Edo,436.6223134525009,1743661.7967186077,671185.9538914145
Chigo,Ikeja,Benue,Lagos,821.6211086972295,982209.7061037704,660834.2149277428
Sokoto,Ikeja,Sokoto,Lagos,969.6254044365076,1058888.33402363,659082.4402916383
Awka,Uyo,Anambra,Akwa Ibom,210.71504759947808,2125931.5289488104,643123.5626639778
Abakaliki,Owerri,Ebonyi,Imo,197.1262099368356,2649610.968298662,638582.2319534331
Port Harcourt,Ilorin,Rivers,Kwara,643.5492754362847,1249691.9337281194,635893.7466796252
Funtua,Ikeja,Katsina,Lagos,909.2646616373438,1010517.8273360911,634351.8203060403
Ado-Ekiti,Abeokuta,Ekiti,Ogun,276.1924861737557,2089007.6951550252,628978.2592817784
Tudun Wada,Benin City,Kaduna,Edo,654.298934365505,1301866.51761438,628936.5230324853
Boji-Boji,Oshogbo,Delta,Osun,325.15288295010413,2057254.5748529944,608645.0145198677
Abeokuta,Port Harcourt,Ogun,Rivers,628.650689416249,1052207.1178714742,595539.4772037535
Kano,Port Harcourt,Kano,Rivers,1040.284478,818472.7515114042,592884.9634780709
Tudun Wada,Oshogbo,Kaduna,Osun,568.2862560072608,1563883.3985556283,586503.1861282396
Kano,Sokoto,Kano,Sokoto,489.7751674445935,2250199.7156948713,584066.1599006562
Ibadan,Boji-Boji,Oyo,Delta,367.6780261429005,1570307.991638164,566016.6270314616
Kano,Bauchi,Kano,Bauchi,308.63598859006146,2825567.4927032613,558513.8914100502
Ondo,Port Harcourt,Ondo,Rivers,456.9807751603088,1296944.6819886449,520385.3806732495
Jos,Ikeja,Plateau,Lagos,928.3588462758812,731225.3890473581,509493.0314828978
Uyo,Boji-Boji,Akwa Ibom,Delta,304.6806472219316,1700226.1845006205,503008.545254616
Tudun Wada,Ibadan,Kaduna,Oyo,674.1128352676091,1084751.9001662533,500405.20353548694
Ondo,Boji-Boji,Ondo,Delta,230.39863158582529,2144145.2331441925,499997.12890904373
Gombe,Ikeja,Gombe,Lagos,1239.949473382412,625766.577292183,493427.17841598915
Tudun Wada,Owerri,Kaduna,Imo,729.1341680504479,956798.57269841,492655.7251771573
Ado-Ekiti,Owerri,Ekiti,Imo,404.043627193401,1223631.1683129682,464660.9123532861
Umuahia,Abakaliki,Abia,Ebonyi,146.01356570863604,2687735.7033150285,464643.5139792845
Enugu,Oshogbo,Enugu,Osun,466.5984515012303,1168808.0034049135,459147.7117670189
Kano,Abeokuta,Kano,Ogun,1014.931132868155,667409.2003845833,439411.7143284752
Ikeja,Abakaliki,Lagos,Ebonyi,686.333018960148,684998.715136673,438804.77336066845
Ibadan,Enugu,Oyo,Enugu,533.282679,873316.658108799,418866.98549935897
Boji-Boji,Ilorin,Delta,Kwara,402.10982652253,1345159.8070523252,415242.0533624189
Kano,Hausari,Kano,Borno,658.0778338871153,1315424.5085500083,405110.20472921315
Ibadan,Uyo,Oyo,Akwa Ibom,670.1373159719446,788555.96665269,398160.44695870514
Ibadan,Umuahia,Oyo,Abia,580.2528989565492,812439.7523363527,391420.9501914451
Umuahia,Oshogbo,Abia,Osun,534.9199774435132,979470.2070662079,390558.53175191086
Chigo,Owerri,Benue,Imo,390.4585413623972,1387742.399017728,388498.24359483365
Abakaliki,Uyo,Ebonyi,Akwa Ibom,188.2628039064343,2093043.4874451978,387658.42630036577
Uyo,Oshogbo,Akwa Ibom,Osun,628.6294542309639,918150.2081717325,385028.7969536557
Kano,Enugu,Kano,Enugu,801.3729229999999,678113.3883690069,383848.9890762527
Enugu,Ilorin,Enugu,Kwara,517.773536572281,949183.2448910329,380713.8026041903
Bida,Ilorin,Niger,Kwara,226.0125846696855,2415405.6726476545,376110.92939926597
Tudun Wada,Port Harcourt,Kaduna,Rivers,830.2693828008904,758398.0408629008,375404.4855467712
Kano,Uyo,Kano,Akwa Ibom,1010.9388777164536,607568.5375160999,362335.8838764019
Kano,Jenyau,Kano,Zamfara,264.330946547285,2559761.804002953,351312.9982112418
Abakaliki,Port Harcourt,Ebonyi,Rivers,273.1335531775806,1418471.378966065,341804.95682878327
Chigo,Enugu,Benue,Enugu,252.5177844158613,1676632.1376570684,331752.10335512075
Abeokuta,Boji-Boji,Ogun,Delta,430.70443233860186,942015.4426553354,329469.0436904669
Ado-Ekiti,Port Harcourt,Ekiti,Rivers,484.4513522894076,874795.4942835905,322666.18550324364
Yenagoa,Port Harcourt,Bayelsa,Rivers,108.7688424098122,2179347.1640730696,322605.5232855502
Uyo,Ilorin,Akwa Ibom,Kwara,698.24466702685,744197.0326747886,318705.8165501399
Hausari,Ikeja,Borno,Lagos,1592.3049375629737,414392.14707410854,318563.2843229064
Tudun Wada,Abeokuta,Kaduna,Ogun,755.4513495983907,711015.5875419372,315453.39968960657
Umuahia,Ilorin,Abia,Kwara,603.3066618580497,770003.3662757142,314512.118142781
Ado-Ekiti,Boji-Boji,Ekiti,Delta,242.54592303033155,1466613.240509703,313952.94714728434
Lokoja,Ikeja,Kogi,Lagos,517.5319220617342,634960.6209302383,310761.31304821314
Kano,Umuahia,Kano,Abia,947.9607672644782,533740.3333304689,308599.90723602974
Awka,Calabar,Anambra,Cross River,255.9451847254256,1196291.880893873,296618.9809424641
Tudun Wada,Enugu,Kaduna,Enugu,588.4729957100155,742241.7120147191,282360.8479864505
Kano,Ondo,Kano,Ondo,881.631492923789,576087.474747297,278634.30585217185
Ondo,Enugu,Ondo,Enugu,393.2230449573963,861197.1305344058,276064.00075150304
Chigo,Port Harcourt,Benue,Rivers,467.20367214913097,996198.8739525902,270775.5446708008
Abeokuta,Uyo,Ogun,Akwa Ibom,726.7202257345618,551978.4766829482,266292.1337305333
Abeokuta,Enugu,Ogun,Enugu,604.6949345240139,559127.1119811919,258523.8536088877
Chigo,Benin City,Benue,Edo,506.75470964747433,902706.5412631333,255267.1649414696
Tudun Wada,Sokoto,Kaduna,Sokoto,481.3648145624392,1374968.3159349875,254244.66542513354
Abeokuta,Umuahia,Ogun,Abia,640.2737540370169,549276.3700150287,253725.0844454072
Bida,Oshogbo,Niger,Osun,281.4973504806684,1557064.8565710224,253338.3352839099
Calabar,Boji-Boji,Cross River,Delta,358.2256365573686,1021113.0365249538,245997.7837305887
Tudun Wada,Gombe,Kaduna,Gombe,535.5331461894382,1073571.2395435732,244575.84104526916
Awka,Oshogbo,Anambra,Osun,428.07764760332367,709842.6449453658,244248.2479649896
Chigo,Uyo,Benue,Akwa Ibom,366.2166013573925,1136629.953426951,243648.72782914355
Ondo,Umuahia,Ondo,Abia,443.2451266273928,746503.1793694883,242078.60790360227
Kano,Chigo,Kano,Benue,680.4001994721483,776559.9488007731,240521.94229730268
Lafia,Ikeja,Nasarawa,Lagos,790.9469924574213,455836.6239856598,239071.458278039
Tudun Wada,Uyo,Kaduna,Akwa Ibom,795.6433151352826,578941.9543986704,235273.20068188244
Kano,Ado-Ekiti,Kano,Ekiti,787.6319042415332,547148.9802901819,235088.73702005172
Kano,Calabar,Kano,Cross River,1017.9808836189882,497458.1333021428,234208.0957650462
Abakaliki,Benin City,Ebonyi,Edo,356.3182338164389,888542.544532822,231129.4413997176
Abakaliki,Calabar,Ebonyi,Cross River,199.1235721358992,1553290.3908854795,229362.07802164863
Bauchi,Ikeja,Bauchi,Lagos,1072.8584812462752,431278.1791027089,228787.40235270822
Bauchi,Gombe,Bauchi,Gombe,189.17978484489765,2678997.965831907,228238.33465185802
Tudun Wada,Bida,Kaduna,Niger,287.2237698451761,1510717.4308139954,228149.6922467095
Ondo,Uyo,Ondo,Akwa Ibom,534.7344700023449,664014.4992753968,227648.37314549414
Ibadan,Awka,Oyo,Anambra,484.07738955706304,541794.4237245545,227130.07959526283
Owerri,Yenagoa,Imo,Bayelsa,135.24373275907516,1371517.3427419593,226397.8445707957
Ibadan,Calabar,Oyo,Cross River,725.1343848802751,559131.3394097121,226108.4119917904
Tudun Wada,Ondo,Kaduna,Ondo,615.7472152958769,697083.0084232868,224324.3334881521
Bauchi,Jos,Bauchi,Plateau,145.9224887205213,2949443.3862774377,223367.34115723104
Kano,Boji-Boji,Kano,Delta,892.2557446230614,467548.24775329104,218903.83755377712
Calabar,Oshogbo,Cross River,Osun,680.1401363822926,651174.0546980652,218697.41581065254
Ado-Ekiti,Enugu,Ekiti,Enugu,368.9011216186811,741737.2952903354,213296.80830609865
Tudun Wada,Umuahia,Kaduna,Abia,721.4123199129622,543964.3359131239,212881.29198296042
Chigo,Umuahia,Benue,Abia,340.5892085658581,1015077.1755667255,210610.1465805333
Tudun Wada,Ado-Ekiti,Kaduna,Ekiti,521.7569444535126,735940.1606420771,208171.0741639652
Dutse,Kano,Jigawa,Kano,122.42770864826753,2500840.793740055,206663.5697867801
Hausari,Gombe,Borno,Gombe,360.4125218180472,1562225.539099813,202748.56487111235
Awka,Ilorin,Anambra,Kwara,490.486364009228,540696.1950542503,191180.48592832207
Tudun Wada,Bauchi,Kaduna,Bauchi,346.6894427686377,1321734.9355754354,191158.73019554
Bida,Benin City,Niger,Edo,399.79856340278695,851830.2839410995,186188.65240769208
Calabar,Ilorin,Cross River,Kwara,746.2932995985071,540847.4814611375,185047.6620363515
Awka,Abakaliki,Anambra,Ebonyi,150.2812422611992,1177610.705200731,184741.77087907572
Tudun Wada,Boji-Boji,Kaduna,Delta,637.8588205267098,539986.3658605405,168997.17387873112
Lokoja,Benin City,Kogi,Edo,264.3772886851549,850682.6342930679,168515.53701482632
Chigo,Calabar,Benue,Cross River,355.26581988876603,1002718.4550120683,168427.68961328114
Tudun Wada,Chigo,Kaduna,Benue,515.2521681181979,799265.3447097904,167395.75474764517
Kano,Bida,Kano,Niger,551.6904278497287,693755.2978646513,166999.5536146197
Ado-Ekiti,Umuahia,Ekiti,Abia,445.4225319153906,560357.0054181345,165267.71942038287
Bida,Ibadan,Niger,Oyo,388.12757380758137,799398.3875543111,164873.10518257658
Funtua,Ilorin,Katsina,Kwara,588.3951521033675,764541.3921768947,162624.23041104636
Ondo,Awka,Ondo,Anambra,344.52574493472235,573475.0969054558,159544.7735150094
Ado-Ekiti,Uyo,Ekiti,Akwa Ibom,540.1302772338739,493340.13497859373,153984.97238682833
Kano,Awka,Kano,Anambra,861.8089033344529,299727.8656353249,153406.84454295912
Abeokuta,Calabar,Ogun,Cross River,783.2702223894864,394479.20448049717,152298.4675954649
Sokoto,Ilorin,Sokoto,Kwara,664.9973235362274,713235.4319561039,152183.6357740937
Tudun Wada,Calabar,Kaduna,Cross River,813.0133949969592,460327.75943621004,148117.64954849513
Funtua,Jenyau,Katsina,Zamfara,134.52870605467595,3056982.3589554993,147584.75866432456
Ikeja,Yenagoa,Lagos,Bayelsa,485.63361966274186,333354.86530480115,147165.11223506322
Tudun Wada,Jenyau,Kaduna,Zamfara,265.66320666445006,1495751.8266517145,146897.21072246012
Gombe,Jos,Gombe,Plateau,328.60963323992576,1127202.4307548006,144996.29696852987
Jenyau,Ikeja,Zamfara,Lagos,935.7308747311308,376736.0705413975,139270.6527591412
Jos,Benin City,Plateau,Edo,694.3199649999999,457044.5072290507,139107.02416122207
Abeokuta,Awka,Ogun,Anambra,551.4476296719179,343678.2835305451,139020.8757421435
Kano,Lafia,Kano,Nasarawa,507.3844436174239,600601.1125621086,137789.28534203628
Birnin Kebbi,Ikeja,Kebbi,Lagos,854.470438784756,364010.36694137723,136030.78800700692
Funtua,Benin City,Katsina,Edo,786.253226086526,472492.04664305784,133379.76999955677
Jos,Owerri,Plateau,Imo,696.2329583950775,414844.3506873227,131762.29220938846
Gombe,Owerri,Gombe,Imo,913.579244920229,367823.27371012047,131743.6197297699
Funtua,Oshogbo,Katsina,Osun,668.8968595191195,591590.0498370178,129105.01913084683
Ondo,Calabar,Ondo,Cross River,588.6241566202617,454955.0278473437,125349.26436656748
Tudun Wada,Lafia,Kaduna,Nasarawa,332.1207232560355,827361.4161217537,124663.41168032493
Gombe,Benin City,Gombe,Edo,976.555035199488,352713.1662473646,122751.20033764247
Funtua,Sokoto,Katsina,Sokoto,369.9815748486072,1219780.4870387488,120525.75191556406
Chigo,Oshogbo,Benue,Osun,645.1946893960107,504638.52232448215,119584.48131233483
Chigo,Abakaliki,Benue,Ebonyi,194.8202671983121,1131612.6846715012,118631.06881347559
Sokoto,Oshogbo,Sokoto,Osun,767.3092058683079,535712.632057474,117624.2954395702
Funtua,Ibadan,Katsina,Oyo,770.1126914351541,435599.6786315383,116236.1303989911
Tudun Wada,Awka,Kaduna,Anambra,623.4777832628738,338013.3823986258,115919.41362036517
Sokoto,Ibadan,Sokoto,Oyo,840.2057741142729,436072.116934978,115904.10540343726
Ado-Ekiti,Awka,Ekiti,Anambra,334.69053834124014,460638.9143373002,115767.27950506008
Yola,Ikeja,Adamawa,Lagos,1361.8225173889898,195301.0922286255,114019.57431224448
Chigo,Ilorin,Benue,Kwara,663.2971182658856,477469.62349531724,113774.15968488366
Jos,Ilorin,Plateau,Kwara,654.0547978864884,466733.87283040764,112082.61212662686
Funtua,Jos,Katsina,Plateau,321.2167057362298,1024402.2293439264,111113.62545664782
Yola,Gombe,Adamawa,Gombe,243.31510245744127,1181645.0414466478,111082.74858399914
Jos,Port Harcourt,Plateau,Rivers,749.665038,367755.90214879956,111041.4370640656
Tudun Wada,Hausari,Kaduna,Borno,837.7483118453998,479093.3226975644,110692.27039205909
Chigo,Ibadan,Benue,Oyo,732.6457240148823,381971.4178412486,110371.82927915969
Gombe,Port Harcourt,Gombe,Rivers,994.7353281306875,318872.0099755333,108816.80602183522
Sokoto,Benin City,Sokoto,Edo,971.7955049691552,368555.70772990625,106248.23498245253
Funtua,Owerri,Katsina,Imo,874.0188407752648,348975.01118305116,104944.06255421048
Bida,Ado-Ekiti,Niger,Ekiti,239.38773155611312,854066.8227899357,103215.09898493325
Lokoja,Owerri,Kogi,Imo,337.93864683551215,475178.3773905082,103116.50980685922
Bida,Owerri,Niger,Imo,540.5474011574455,425289.34540661133,102981.5813376573
Jos,Oshogbo,Plateau,Osun,694.2644249902884,414235.93207968026,100669.71674613186
Kano,Yola,Kano,Adamawa,693.3690774652499,408482.2685800342,99606.93819406618
Chigo,Awka,Benue,Anambra,322.6394560406246,525005.9189474747,97223.10138765528
Birnin Kebbi,Sokoto,Kebbi,Sokoto,166.73232155003728,1910669.2442570874,97025.86553637529
Yenagoa,Benin City,Bayelsa,Edo,223.6484456340213,549524.8006533418,96177.08688774843
Abakaliki,Boji-Boji,Ebonyi,Delta,273.1356693556376,596088.1996515744,95733.13050152687
Chigo,Lafia,Benue,Nasarawa,183.654646147538,1125399.3693668097,92788.74320178684
Bida,Abeokuta,Niger,Ogun,471.0783139031084,446706.7875760464,90033.21023778866
Lokoja,Oshogbo,Kogi,Osun,314.83204950775814,543597.904903314,89040.70186570744
Lafia,Owerri,Nasarawa,Imo,484.7787528953724,387193.5671240425,88907.23900231248
Gombe,Ilorin,Gombe,Kwara,980.0833645113256,317328.3507973859,88245.72391085116
Jos,Enugu,Plateau,Enugu,515.518293,382357.1269346692,88191.21765506029
Chigo,Boji-Boji,Benue,Delta,431.4639724056572,490869.6074372038,87520.63840423814
Ado-Ekiti,Calabar,Ekiti,Cross River,589.483625511691,343867.1659406898,86108.01886211625
Jos,Ibadan,Plateau,Oyo,831.543971,281827.96920077584,84411.09490758803
Lokoja,Enugu,Kogi,Enugu,224.79324264960843,542661.3638631875,83703.15011425233
Gombe,Oshogbo,Gombe,Osun,1013.18765171515,296930.7216620154,83123.78365854225
Funtua,Port Harcourt,Katsina,Rivers,975.234054604544,288083.26600215136,82946.12702654005
Lafia,Benin City,Nasarawa,Edo,517.8655112395116,371761.8101294053,82933.89004138309
Bida,Ondo,Niger,Ondo,332.8427735070454,582811.0750225069,82800.65876403198
Kano,Abakaliki,Kano,Ebonyi,823.0435657871657,258267.8509331657,82016.7144501017
Lokoja,Ilorin,Kogi,Kwara,330.22718304469066,494094.4864230172,81708.56527112726
Gombe,Ibadan,Gombe,Oyo,1118.9483657937517,237613.8519075431,80660.0075595841
Sokoto,Abeokuta,Sokoto,Ogun,891.5788320918685,318791.4436775246,80606.83828830047
Sokoto,Owerri,Sokoto,Imo,1124.6065451124607,251170.27172340048,77758.5892052785
Gombe,Uyo,Gombe,Akwa Ibom,890.7469444114217,278778.5867327956,77051.95293859203
Funtua,Abeokuta,Katsina,Ogun,846.224516038494,296976.0442309674,75915.62768443144
Abakaliki,Oshogbo,Ebonyi,Osun,553.8252621876613,333294.8392044377,75610.13875023762
Hausari,Owerri,Borno,Imo,1269.5494942196678,208006.08540475552,73789.77034484812
Bida,Port Harcourt,Niger,Rivers,637.920554365471,313847.52481309004,73582.9591731969
Chigo,Jos,Benue,Plateau,377.741497883727,587895.532191877,72041.39453065982
Ibadan,Abakaliki,Oyo,Ebonyi,621.9499042260318,257940.9168471949,71193.5282424181
Chigo,Abeokuta,Benue,Ogun,813.4062947333441,255094.068133652,70758.78178972802
Gombe,Enugu,Gombe,Enugu,764.9178978297032,265133.75537203613,70677.53867285103
Hausari,Benin City,Borno,Edo,1336.5363357524263,205635.0960430398,70665.45714107291
Lafia,Enugu,Nasarawa,Enugu,330.4309828169986,421130.57928344066,69069.36966392612
Jos,Uyo,Plateau,Akwa Ibom,721.5430734992387,278295.54407296714,69047.18533380161
Lafia,Jos,Nasarawa,Plateau,214.74747098739527,782330.0552460992,67259.509575296
Abakaliki,Ilorin,Ebonyi,Kwara,600.4467600474801,283547.02895727067,65372.77126528934
Sokoto,Port Harcourt,Sokoto,Rivers,1222.730296578135,218377.52109645843,64394.83093669645
Gombe,Chigo,Gombe,Benue,527.847477429648,459631.69939233275,64319.22023960437
Kano,Birnin Kebbi,Kano,Kebbi,612.353787588221,384290.3463053094,64226.88447486739
Lokoja,Ibadan,Kogi,Oyo,410.0201079340844,312811.18489255366,64214.1325409579
Hausari,Port Harcourt,Borno,Rivers,1346.9508896394066,189920.40197223195,63860.02567316764
Funtua,Gombe,Katsina,Gombe,576.012995302746,486339.47023793054,63321.2162536517
Lafia,Port Harcourt,Nasarawa,Rivers,578.4473863345988,279503.590150558,62278.388059774996
Lokoja,Port Harcourt,Kogi,Rivers,438.27123017997536,290366.35668855393,62172.13420137055
Sokoto,Jenyau,Sokoto,Zamfara,238.1478914980443,1162419.5646774885,61579.82849983266
Gombe,Umuahia,Gombe,Abia,867.6930875699569,226935.00739407755,61275.19461714983
Chigo,Ondo,Benue,Ondo,600.3808208434106,304971.37811876764,60153.31055866991
Jos,Umuahia,Plateau,Abia,668.2633945375427,250611.56509085497,60133.22872144688
Bauchi,Owerri,Bauchi,Imo,805.7622483844216,243971.92052028948,59014.48179428778
Bida,Enugu,Niger,Enugu,437.2308003710425,328468.3952392624,58789.033841196135
Tudun Wada,Abakaliki,Kaduna,Ebonyi,613.8905569296803,274006.5075262111,58660.96263145901
Bauchi,Benin City,Bauchi,Edo,831.7272565875737,250885.33318772903,58556.13719431551
Jos,Abeokuta,Plateau,Ogun,887.3287521664801,203742.64199363062,58117.530834584155
Funtua,Enugu,Katsina,Enugu,734.8318780510536,249472.6594480804,55882.03664096446
Gombe,Abeokuta,Gombe,Ogun,1205.302378538432,168576.22823839105,54602.17488203375
Lokoja,Boji-Boji,Kogi,Delta,235.2392898736537,423554.381212768,53370.99779250284
Tudun Wada,Lokoja,Kaduna,Kogi,403.2378872665343,334719.99528685515,53257.66971800259
Gombe,Jalingo,Gombe,Taraba,204.17860965943424,788384.2150778293,53118.85363867866
Gombe,Calabar,Gombe,Cross River,871.2439250158711,241924.1793862432,52481.58607505729
Hausari,Ilorin,Borno,Kwara,1317.7711371722485,191689.6162473511,52450.28195610895
Kano,Lokoja,Kano,Kogi,657.3414013710693,213400.56216470673,52374.43247195319
Lokoja,Ado-Ekiti,Kogi,Ekiti,219.28382217735535,444490.79033780115,51962.585864757086
Funtua,Uyo,Katsina,Akwa Ibom,942.3297661880348,216304.99060331652,51215.183623508594
Lafia,Ilorin,Nasarawa,Kwara,568.7054047627895,279346.8843568955,50700.5450670287
Jalingo,Ikeja,Taraba,Lagos,1195.392807759229,119085.16209137347,50279.781174779724
Hausari,Ibadan,Borno,Oyo,1467.1910610852658,150925.33986939705,50157.1718547072
Umuahia,Yenagoa,Abia,Bayelsa,195.2350153108233,366287.6675138816,49562.16024649567
Hausari,Oshogbo,Borno,Osun,1360.1975346286636,179917.99528875094,49542.30869617748
Lafia,Oshogbo,Nasarawa,Osun,578.3757729618195,270083.68928717746,49184.88963775737
Chigo,Ado-Ekiti,Benue,Ekiti,546.3624479187896,279151.90008152946,49093.577487550356
Funtua,Ondo,Katsina,Ondo,730.8611772155547,259310.51233489424,48640.31268966473
Yola,Hausari,Adamawa,Borno,392.2643713586749,496490.6815193469,47621.34865914201
Bauchi,Port Harcourt,Bauchi,Rivers,896.2924042931782,202653.48385606328,46904.91058360173
Bida,Boji-Boji,Niger,Delta,408.6460856650541,321405.9331954531,45943.26594934601
Lafia,Uyo,Nasarawa,Akwa Ibom,507.27264418863206,254782.05861643652,45787.78496914309
Bauchi,Ilorin,Bauchi,Kwara,799.6740377756645,245941.0028602927,45475.968732164605
Lokoja,Ondo,Kogi,Ondo,291.031512846638,332894.2918647422,45326.08272168919
Uyo,Yenagoa,Akwa Ibom,Bayelsa,239.4893813036365,315137.0878569143,45231.03787162155
Abeokuta,Abakaliki,Ogun,Ebonyi,694.0146196206861,170525.8896894847,45227.55973213659
Funtua,Umuahia,Katsina,Abia,867.7016989184606,197059.39289840657,45071.23391589572
Jos,Calabar,Plateau,Cross River,722.8975647110238,230180.1989299471,45039.85046306162
Kano,Jalingo,Kano,Taraba,605.1500328314905,251947.04033335176,44380.10430761507
Funtua,Bauchi,Katsina,Bauchi,399.4282562586299,521853.42012724414,43731.64295904882
Hausari,Uyo,Borno,Akwa Ibom,1235.9649234334215,158124.6084660995,43273.60850512232
Funtua,Ado-Ekiti,Katsina,Ekiti,637.6029835291425,258272.87567373904,42832.256726827516
Ondo,Abakaliki,Ondo,Ebonyi,482.4669249012389,229821.0239385386,42827.13084340001
Jos,Ondo,Plateau,Ondo,709.7153312176306,207434.00529660855,42756.45683801424
Lafia,Ibadan,Nasarawa,Oyo,679.2207398909649,191140.88974565998,42730.642096227835
Lafia,Umuahia,Nasarawa,Abia,454.03982577127766,245657.20586242437,42405.03309813129
Sokoto,Ondo,Sokoto,Ondo,863.1446297040337,221542.11307881138,42053.572607802416
Lokoja,Umuahia,Kogi,Abia,346.7250630075588,251225.68392838718,41738.21590068625
Bida,Uyo,Niger,Akwa Ibom,646.9746479562774,213901.5759341158,41642.036715712136
Bauchi,Oshogbo,Bauchi,Osun,839.8911055961343,222951.79242699148,41631.68462546381
Bida,Umuahia,Niger,Abia,556.63207962577,223212.0948654561,41410.31183743944
Hausari,Jos,Borno,Plateau,666.0244843358463,299657.92511856556,41171.03570902766
Jos,Boji-Boji,Plateau,Delta,654.5939788756197,202696.7709355005,39699.632471607685
Bauchi,Ibadan,Bauchi,Oyo,946.9037219830708,171199.39374280482,38924.59566664286
Bauchi,Hausari,Bauchi,Borno,520.307127877992,386763.9145781468,37410.04339046072
Funtua,Bida,Katsina,Niger,398.22551226661847,411875.8582187477,37400.945614353914
Sokoto,Uyo,Sokoto,Akwa Ibom,1222.510228143087,153144.31736903798,37390.70305254799
Jos,Ado-Ekiti,Plateau,Ekiti,621.5716584877372,205000.7684192193,37387.93528578538
Tudun Wada,Yola,Kaduna,Adamawa,746.0901665416661,208231.4398291412,36834.1554159574
Sokoto,Enugu,Sokoto,Enugu,1009.5974968859248,157483.81722427014,36795.76948071771
Gombe,Ondo,Gombe,Ondo,1015.8146949969534,154581.19580736395,36560.36938358024
Lokoja,Uyo,Kogi,Akwa Ibom,435.3683362015876,206279.06372351994,36522.686134334304
Hausari,Enugu,Borno,Enugu,1123.075778706533,134313.66721108212,35854.5682563072
Lokoja,Abeokuta,Kogi,Ogun,494.59165661723387,176968.31888621562,35457.010008980724
Lokoja,Awka,Kogi,Anambra,234.66557247827365,254550.56994580475,35291.04116109853
Gombe,Boji-Boji,Gombe,Delta,917.9086490060852,157372.6422282211,35222.52447568682
Hausari,Abeokuta,Borno,Ogun,1553.2211322646476,110857.5913864848,35031.24335392271
Funtua,Boji-Boji,Katsina,Delta,776.3986287617988,191012.99130591223,35021.07319540171
Jenyau,Ilorin,Zamfara,Kwara,612.2497622051623,278802.357626906,35000.695028598304
Tudun Wada,Birnin Kebbi,Kaduna,Kebbi,534.2294925427337,298013.10194670095,34646.589685316234
Sokoto,Ado-Ekiti,Sokoto,Ekiti,784.926274344009,203074.4453032668,34365.5874113569
Bauchi,Enugu,Bauchi,Enugu,651.8405376473729,188379.63894533072,33681.53616104479
Yola,Owerri,Adamawa,Imo,949.207997902314,128272.69819192392,33640.960285842164
Hausari,Umuahia,Borno,Abia,1220.808143690018,125193.7349373563,33563.79843596752
Funtua,Hausari,Katsina,Borno,829.4022062554133,256163.5704614368,33269.228401553235
Sokoto,Jos,Sokoto,Plateau,689.2583978276729,265116.1352017206,32792.18714299482
Ado-Ekiti,Abakaliki,Ekiti,Ebonyi,455.2563610001086,195660.1453796672,32746.291733465943
Birnin Kebbi,Ilorin,Kebbi,Kwara,573.5364232846086,255976.6787633834,32651.184386060606
Bauchi,Uyo,Bauchi,Akwa Ibom,810.7736739180483,173616.43720965102,32612.220214370864
Funtua,Calabar,Katsina,Cross River,959.4192030769212,173239.23346187762,32453.825705989202
Sokoto,Umuahia,Sokoto,Abia,1135.9734706633628,137004.61221810395,32371.116259535807
Yenagoa,Boji-Boji,Bayelsa,Delta,192.44969824017707,292548.34028994496,32351.829798480838
Funtua,Chigo,Katsina,Benue,654.2440448509255,259807.43899933517,32147.476492307833
Sokoto,Gombe,Sokoto,Gombe,933.205510004466,220791.84145380624,30990.057845270785
Bauchi,Chigo,Bauchi,Benue,447.8018428335637,329516.4826618192,30900.08360516679
Jos,Awka,Plateau,Anambra,597.4849925899068,145505.95739984768,30803.33787265446
Lafia,Calabar,Nasarawa,Cross River,511.0017692753816,208447.94970868508,29576.10397629508
Hausari,Calabar,Borno,Cross River,1210.5942130824692,136837.5454065847,29400.43562826034
Gombe,Ado-Ekiti,Gombe,Ekiti,933.0823048488512,138878.59293702495,29341.556399771012
Yola,Port Harcourt,Adamawa,Rivers,1012.7651026136476,115808.21848350398,28820.394947539346
Yola,Benin City,Adamawa,Edo,1065.089516322727,111626.7427542491,28723.07555302625
Gombe,Lafia,Gombe,Nasarawa,458.8273119174012,261628.42441320946,27962.68971583611
Gombe,Awka,Gombe,Anambra,831.6877068425835,114644.05290734599,27693.719409357454
Bida,Jos,Niger,Plateau,428.5834677479735,268232.9244876202,27321.545300588452
Jenyau,Oshogbo,Zamfara,Osun,704.2144252846944,210738.48722635015,27206.917710661517
Bauchi,Umuahia,Bauchi,Abia,769.7862673900529,148770.0384840569,27160.37183204523
Lafia,Abeokuta,Nasarawa,Ogun,764.9152593505324,124063.87544409824,26700.632414406366
Jenyau,Benin City,Zamfara,Edo,858.0554198754925,156640.1978862973,26347.13106116089
Sokoto,Boji-Boji,Sokoto,Delta,991.795798049089,139483.04735584973,26289.1233865347
Bida,Awka,Niger,Anambra,441.7843981062844,164464.34588664866,26285.648302477493
Lafia,Boji-Boji,Nasarawa,Delta,462.1272951631706,184029.96884685598,26129.515723729346
Hausari,Chigo,Borno,Benue,880.3017231978887,180471.00208912566,25942.504269275825
Bauchi,Abeokuta,Bauchi,Ogun,1032.9154729291006,118435.20493648991,25758.72764281992
Jenyau,Ibadan,Zamfara,Oyo,797.3027647062495,160459.00295272405,25245.0100154761
Bida,Calabar,Niger,Cross River,682.2247672888575,159707.11121125595,24772.88739453595
Birnin Kebbi,Ibadan,Kebbi,Oyo,734.0473757338457,152521.53365627825,24297.110177907904
Birnin Kebbi,Oshogbo,Kebbi,Osun,676.4285437721267,184025.73289887965,24261.032519948523
Enugu,Yenagoa,Enugu,Bayelsa,280.9719767683456,160573.02976874847,23659.471836325807
Funtua,Awka,Katsina,Anambra,768.3430089030896,116644.98508348812,23492.705973955315
Sokoto,Calabar,Sokoto,Cross River,1251.259723173914,121367.29321880618,23469.819847458868
Lafia,Awka,Nasarawa,Anambra,389.6566162913712,154807.3650589305,23384.326347829614
Lafia,Ondo,Nasarawa,Ondo,564.5512627998029,148341.44718375604,22701.436309881516
Sokoto,Hausari,Sokoto,Borno,1135.6814075877471,162805.1873613805,22040.046024292737
Sokoto,Bida,Sokoto,Niger,584.9869428922516,227439.38940446288,21832.62609877011
Bauchi,Calabar,Bauchi,Cross River,803.0280986981384,146932.99830909542,21717.080445905525
Hausari,Ondo,Borno,Ondo,1370.3476276077663,92761.50801148878,21601.007809272785
Chigo,Bida,Benue,Niger,500.1758209400195,207205.7973223355,21538.8595347172
Yola,Uyo,Adamawa,Akwa Ibom,889.2938480321965,105293.81761413302,21140.051207686898
Yola,Jalingo,Adamawa,Taraba,166.44112027224307,446645.0215936216,20991.529507416897
Lokoja,Calabar,Kogi,Cross River,469.7863411553788,147081.74312397526,20844.97549932305
Lokoja,Bida,Kogi,Niger,212.43925255641477,294612.68307103304,20588.91217586386
Lafia,Ado-Ekiti,Nasarawa,Ekiti,488.77017074024127,150020.10357460243,20267.18265294878
Yenagoa,Calabar,Bayelsa,Cross River,296.70321862325204,170458.33191707317,20132.088048440477
Jenyau,Owerri,Zamfara,Imo,971.46901037074,111530.21360855918,20057.729738049606
Birnin Kebbi,Benin City,Kebbi,Edo,906.4370427600894,113090.8127749779,19797.654124389213
Hausari,Boji-Boji,Borno,Delta,1278.3153985717558,88612.66124260992,19651.865514564586
Ibadan,Yenagoa,Oyo,Bayelsa,490.3577862416007,101104.303753706,19651.837549349206
Funtua,Lafia,Katsina,Nasarawa,470.6416633211456,215927.01102553535,19648.411942830517
Chigo,Lokoja,Benue,Kogi,334.0021084696611,202922.02812935246,19154.506390568702
Bauchi,Lafia,Bauchi,Nasarawa,323.4950337841085,271562.77353778103,18743.217853597132
Jos,Abakaliki,Plateau,Ebonyi,533.6377947499351,143353.57859671797,18578.96399118397
Tudun Wada,Jalingo,Kaduna,Taraba,609.5749828666723,146557.44976369047,18481.722082401036
Yola,Ilorin,Adamawa,Kwara,1138.4240466039414,88542.57382617539,18435.965266970015
Yola,Oshogbo,Adamawa,Osun,1153.4512641204851,86250.52849571352,18005.88788348738
Yola,Ibadan,Adamawa,Oyo,1254.0024947996203,71223.02246345083,17973.19595267847
Bauchi,Ondo,Bauchi,Ondo,852.6098343310229,113215.78753925447,17905.41131657883
Sokoto,Chigo,Sokoto,Benue,989.7643721488964,135269.8581969635,17798.171201535035
Gombe,Abakaliki,Gombe,Ebonyi,721.6848446861059,119658.5808608683,17593.939683317716
Yenagoa,Oshogbo,Bayelsa,Osun,481.3243000137753,107513.56958789767,17514.16527770229
Yola,Jos,Adamawa,Plateau,522.1956901985645,168043.33233771872,17231.679679853183
Yola,Enugu,Adamawa,Enugu,817.8235708671277,87317.3959833332,17141.422686839138
Birnin Kebbi,Abeokuta,Kebbi,Ogun,774.2060065941499,112865.90908998433,17083.72785450234
Awka,Yenagoa,Anambra,Bayelsa,217.9040497853109,136472.5915755766,17031.096606211493
Jenyau,Abeokuta,Zamfara,Ogun,865.8236118316366,112007.80624785887,16841.892549071228
Bauchi,Boji-Boji,Bauchi,Delta,782.4598483614357,111744.47531537252,16775.908623994743
Hausari,Ado-Ekiti,Borno,Ekiti,1284.9679588414083,79971.32241737327,16704.19821898528
Lafia,Abakaliki,Nasarawa,Ebonyi,319.138660427316,181369.31630331275,16484.226248452844
Sokoto,Awka,Sokoto,Anambra,1023.6181395150006,78313.01475447413,16350.766336966826
Jalingo,Owerri,Taraba,Imo,792.7783422719616,86394.61800582887,16224.147225567236
Jenyau,Port Harcourt,Zamfara,Rivers,1072.3747677114502,94071.28843398146,16163.179122189613
Gombe,Bida,Gombe,Niger,755.761464060178,131689.37732150327,16047.22273193024
Yola,Umuahia,Adamawa,Abia,892.2339215174453,80798.19592176143,15941.460983614383
Sokoto,Bauchi,Sokoto,Bauchi,765.7381018313515,169199.51659836134,15808.668921124463
Yola,Bauchi,Adamawa,Bauchi,408.3230703179634,216490.75501286358,15631.553241238315
Yola,Chigo,Adamawa,Benue,565.3333420160376,150849.20562800666,15550.837744856
Bauchi,Ado-Ekiti,Bauchi,Ekiti,765.693816297952,106411.10609318281,14965.73539466398
Yola,Calabar,Adamawa,Cross River,855.3695301319892,94487.98861010764,14839.792100762801
Dutse,Tudun Wada,Jigawa,Kaduna,327.98989842754486,205660.71299430533,14796.126375390828
Hausari,Awka,Borno,Anambra,1190.6166392207156,61090.24403677166,14703.238397690486
Dutse,Ikeja,Jigawa,Lagos,1135.300514996829,53637.35626002566,14475.0016526509
Jenyau,Jos,Zamfara,Plateau,455.7405563431256,200930.52721344217,13685.8162647195
Birnin Kebbi,Owerri,Kebbi,Imo,1085.4499516736632,71977.96173896309,13624.38141699697
Jalingo,Benin City,Taraba,Edo,899.8696799428386,73470.74937566412,13568.093187295875
Jalingo,Port Harcourt,Taraba,Rivers,861.7385886135617,75151.73136445277,13441.751377296963
Funtua,Birnin Kebbi,Katsina,Kebbi,459.8434913442701,210800.42875635854,13395.869864545319
Abeokuta,Yenagoa,Ogun,Bayelsa,529.2238311423225,71451.8572569984,13256.907307362799
Bauchi,Awka,Bauchi,Anambra,712.8856494683052,80510.84280884899,13059.672198018361
Yenagoa,Ilorin,Bayelsa,Kwara,572.12162517055,76096.05277397831,12832.119857294543
Lafia,Bida,Nasarawa,Niger,368.5733505805742,164117.91963355953,12606.429817783614
Yola,Abeokuta,Adamawa,Ogun,1339.418591848861,51390.289882961755,12353.20001409297
Ondo,Yenagoa,Ondo,Bayelsa,373.8273484899882,93271.1756834279,12197.732144391808
Lokoja,Abakaliki,Kogi,Ebonyi,290.50694880547843,130534.91948195841,11826.890221632688
Funtua,Abakaliki,Katsina,Ebonyi,760.3035325622062,93620.13569581394,11782.423915785032
Lokoja,Jos,Kogi,Plateau,434.8403408225572,113789.86452131133,11443.300517031063
Birnin Kebbi,Port Harcourt,Kebbi,Rivers,1179.111622927631,62691.56912322411,11300.881933787152
Hausari,Jalingo,Borno,Taraba,497.33196663921575,145114.00045009848,10834.187914443813
Jalingo,Jos,Taraba,Plateau,382.97683008303005,146783.1104500079,10501.061834674008
Jenyau,Gombe,Zamfara,Gombe,697.1877677630436,131074.7627965304,10381.410732545635
Bida,Abakaliki,Niger,Ebonyi,499.65189527458057,101047.21673218597,10365.129988224737
Jalingo,Uyo,Taraba,Akwa Ibom,743.9532718243071,70686.31914320291,10165.33188068237
Jenyau,Enugu,Zamfara,Enugu,839.9713675119579,75384.9213937123,10155.30850941152
Hausari,Lafia,Borno,Nasarawa,818.6708772391848,89744.62064476576,9987.19452660834
Jenyau,Ondo,Zamfara,Ondo,781.0157684837258,89657.12789724642,9978.611318504405
Jalingo,Chigo,Taraba,Benue,404.5245768579844,138418.9779101907,9906.435612325105
Jenyau,Uyo,Zamfara,Akwa Ibom,1051.0240318907202,68653.32629177278,9727.915579649394
Bauchi,Jalingo,Bauchi,Taraba,298.43942507901164,190400.4794635074,9584.825932276884
Funtua,Yola,Katsina,Adamawa,807.3711475842633,93192.93366815317,9432.821965889023
Bauchi,Bida,Bauchi,Niger,573.9525392633874,117812.20667953009,9409.659386163921
Lokoja,Lafia,Kogi,Nasarawa,273.5405843271369,130118.97862562735,9269.83462559935
Kano,Yenagoa,Kano,Bayelsa,1070.9360062004018,37166.67421235068,9187.885413732867
Funtua,Lokoja,Katsina,Kogi,543.8365563859116,96442.40307132911,9175.881540311691
Jalingo,Enugu,Taraba,Enugu,656.6381917870302,63635.72260316153,8874.897173117253
Hausari,Abakaliki,Borno,Ebonyi,1075.1182368102443,58880.32804169407,8694.813071255276
Sokoto,Lafia,Sokoto,Nasarawa,809.5097793339223,86971.51676242585,8634.247704959143
Jenyau,Ado-Ekiti,Zamfara,Ekiti,691.2637151735714,86757.38925060027,8561.72717751194
Jenyau,Umuahia,Zamfara,Abia,971.5983196032788,62055.32343120931,8500.582364514688
Jalingo,Ilorin,Taraba,Kwara,975.8652678655908,56612.6880654155,8484.526952595357
Hausari,Bida,Borno,Niger,1091.7604949728795,68914.26690389062,8382.158184563801
Yola,Boji-Boji,Adamawa,Delta,994.0982018762368,50512.04337751496,8347.047419671235
Jalingo,Oshogbo,Taraba,Osun,988.2006479442978,55208.15456486278,8294.84246035408
Birnin Kebbi,Ondo,Kebbi,Ondo,780.147762286158,72396.80619964295,8292.776142175659
Yola,Ondo,Adamawa,Ondo,1135.294591263725,46590.12339332696,8187.047752150777
Jalingo,Ibadan,Taraba,Oyo,1088.1553809780837,44439.443122029465,8091.610669677598
Bauchi,Abakaliki,Bauchi,Ebonyi,627.5872732479768,81641.84011993402,8084.135282474848
Jalingo,Umuahia,Taraba,Abia,738.407160450379,55424.34397314949,7815.7995014069365
Sokoto,Abakaliki,Sokoto,Ebonyi,1056.8684105401037,57734.442759308746,7596.748871229497
Gombe,Lokoja,Gombe,Kogi,727.6148761008128,62043.660662554,7386.616999006302
Jalingo,Calabar,Taraba,Cross River,715.336376405119,63474.131944838424,7140.066355276966
Ado-Ekiti,Yenagoa,Ekiti,Bayelsa,417.08657738805954,56797.17488450873,6898.302557216905
Jenyau,Boji-Boji,Zamfara,Delta,859.4954198830332,61540.32835671085,6742.208561163536
Yola,Awka,Adamawa,Anambra,887.9627429129088,37862.38442485021,6733.5694644713985
Birnin Kebbi,Ado-Ekiti,Kebbi,Ekiti,713.1195536421681,65680.73769169215,6714.110526579603
Jenyau,Bida,Zamfara,Niger,458.6614091271497,122589.87764813744,6704.826575161147
Birnin Kebbi,Uyo,Kebbi,Akwa Ibom,1197.5061060441158,42608.87998722995,6379.449194320907
Jenyau,Hausari,Zamfara,Borno,921.7937567090744,81883.18618013753,6359.718259759421
Yola,Ado-Ekiti,Adamawa,Ekiti,1063.2480820144183,40265.33828983675,6345.16408227339
Birnin Kebbi,Enugu,Kebbi,Enugu,987.9063276933332,43908.70529904016,6289.865532662527
Tudun Wada,Yenagoa,Kaduna,Bayelsa,822.9582032591378,37149.41424260571,6228.154178964756
Jenyau,Calabar,Zamfara,Cross River,1072.3157755621974,54756.06040844219,6141.278109862113
Jenyau,Bauchi,Zamfara,Bauchi,527.612330980264,118089.35385614322,6126.004391236382
Dutse,Gombe,Jigawa,Gombe,335.5108453113166,118619.30702148416,5700.342000611793
Sokoto,Yola,Sokoto,Adamawa,1170.8400883650834,52804.11839573503,5635.493513516547
Birnin Kebbi,Umuahia,Kebbi,Abia,1106.2923840133365,38563.94220007291,5581.096481945124
Sokoto,Lokoja,Sokoto,Kogi,789.4390009438497,54538.249100514724,5472.321879100669
Dutse,Funtua,Jigawa,Katsina,289.49409279435554,138354.522880939,5468.192084741382
Jalingo,Abeokuta,Taraba,Ogun,1173.4271459130896,31458.25922142375,5466.684527450243
Jenyau,Chigo,Zamfara,Benue,780.7081544412855,72039.0910980307,5407.012642666563
Birnin Kebbi,Jenyau,Kebbi,Zamfara,348.03377879127663,145299.22611787677,5113.39178250005
Dutse,Jos,Jigawa,Plateau,272.13739039822923,118101.32206170128,5096.012961674103
Yola,Lafia,Adamawa,Nasarawa,575.1058187854153,62692.1665927705,5093.868528889949
Birnin Kebbi,Boji-Boji,Kebbi,Delta,939.5448671071094,41493.55156573157,4763.757126423144
Birnin Kebbi,Jos,Kebbi,Plateau,758.2354084485536,58484.64689135605,4540.208187850883
Yola,Abakaliki,Adamawa,Ebonyi,752.4560342972082,41438.31744435069,4464.458679441946
Jenyau,Awka,Zamfara,Anambra,866.5023815837524,36211.90363626124,4374.2672990181345
Funtua,Jalingo,Katsina,Taraba,690.2522072855738,59902.791483863366,4361.898839742216
Dutse,Bauchi,Jigawa,Bauchi,221.2812975064532,140702.27277778764,4308.543681697246
Birnin Kebbi,Gombe,Kebbi,Gombe,1035.8532131265788,47839.96771431258,4221.917090555506
Bauchi,Lokoja,Bauchi,Kogi,572.2269839354124,51759.003742069275,4067.276119866181
Jalingo,Boji-Boji,Taraba,Delta,830.0610882234919,34038.20413920331,4027.390055186262
Birnin Kebbi,Bida,Kebbi,Niger,550.7785633200659,68494.18000562207,4000.1420240317466
Birnin Kebbi,Calabar,Kebbi,Cross River,1232.8695005081463,33374.29355822726,3962.318414297239
Abakaliki,Yenagoa,Ebonyi,Bayelsa,332.31571139012675,46114.89415486188,3921.0965659375524
Jalingo,Ondo,Taraba,Ondo,968.880457927045,30054.10787236877,3797.9792466893564
Hausari,Lokoja,Borno,Kogi,1084.8228029980562,30480.816900996924,3645.148834532194
Chigo,Yenagoa,Benue,Bayelsa,524.9372284680089,37976.59935110843,3584.8671686054095
Jalingo,Awka,Taraba,Anambra,726.5898855946101,26567.579454881423,3369.389755192379
Jalingo,Lafia,Taraba,Nasarawa,409.9155830633076,57976.65846882721,3267.833533532095
Dutse,Benin City,Jigawa,Edo,945.5721591576064,27033.01332943009,3256.096822729122
Yola,Bida,Adamawa,Niger,923.55128085974,33198.88935868976,3059.9101948835782
Kano,Damaturu,Kano,Yobe,418.36781763401166,30593.622835774473,3014.100935286793
Jalingo,Ado-Ekiti,Taraba,Ekiti,897.3144740114185,26561.002162457797,3003.3153329542306
Dutse,Owerri,Jigawa,Imo,965.9048264223596,23644.583874518274,2983.0385728671117
Dutse,Ilorin,Jigawa,Kwara,829.7680674032891,31811.940984235473,2980.663084111483
Birnin Kebbi,Hausari,Kebbi,Borno,1269.2124468401985,34798.64455079068,2966.0428475958224
Jenyau,Lafia,Zamfara,Nasarawa,597.2861910727507,52934.31319330077,2958.0141864995107
Birnin Kebbi,Awka,Kebbi,Anambra,990.474536785914,22329.18963827107,2851.894609781896
Birnin Kebbi,Chigo,Kebbi,Benue,1010.300958070555,34658.74567368065,2819.5918636049128
Dutse,Oshogbo,Jigawa,Osun,893.0603404863527,27462.62181681611,2611.2565011690895
Gombe,Damaturu,Gombe,Yobe,169.69186692623006,66244.28446602434,2589.9902445136404
Dutse,Ibadan,Jigawa,Oyo,999.8100796103392,21385.800875890527,2472.4795071119997
Dutse,Hausari,Jigawa,Borno,540.6441593939169,49887.2009734705,2445.8212121317115
Dutse,Port Harcourt,Jigawa,Rivers,1062.5409763081382,20082.085051489103,2418.884833302095
Jalingo,Abakaliki,Taraba,Ebonyi,595.6673745376955,31066.332014504213,2371.068871940719
Sokoto,Jalingo,Sokoto,Taraba,1059.6796987209698,30286.352355389612,2351.9576256343435
Birnin Kebbi,Bauchi,Kebbi,Bauchi,856.9688557999822,36064.44535005733,2122.1089284232958
Jenyau,Abakaliki,Zamfara,Ebonyi,873.698284765175,27992.058312928006,2120.895029172254
Jenyau,Yola,Zamfara,Adamawa,933.3322268998508,27534.13439164011,1679.8355071719598
Dutse,Abeokuta,Jigawa,Ogun,1082.2181404827695,15025.448143192152,1659.1436430798608
Dutse,Sokoto,Jigawa,Sokoto,612.1413932447841,36872.51899940895,1656.9761191434116
Gombe,Yenagoa,Gombe,Bayelsa,1045.3934036066962,13894.542517460317,1624.8439148215284
Jenyau,Lokoja,Zamfara,Kogi,634.7187046851362,27954.822662368537,1606.2131007398527
Dutse,Enugu,Jigawa,Enugu,812.6003908750259,16881.432949240432,1586.6360872933742
Dutse,Uyo,Jigawa,Akwa Ibom,993.4956589145088,16102.927589282806,1584.5669390219796
Jos,Yenagoa,Plateau,Bayelsa,814.4540702739132,14994.54351357042,1561.8233724369775
Yola,Lokoja,Adamawa,Kogi,845.5164087808981,17297.43972837611,1542.0370991988054
Jalingo,Bida,Taraba,Niger,764.35745959545,22771.19401497649,1500.102676570455
Damaturu,Ikeja,Yobe,Lagos,1347.57975919521,5438.53634231367,1416.2349703611565
Funtua,Yenagoa,Katsina,Bayelsa,964.1432669670044,14184.854387230387,1382.5564856873489
Bida,Yenagoa,Niger,Bayelsa,601.0547969969227,17013.593151047822,1337.3881088112091
Birnin Kebbi,Lafia,Kebbi,Nasarawa,839.4000863107277,21593.991542945405,1329.6735850511425
Dutse,Umuahia,Jigawa,Abia,939.92308467283,13896.896797635158,1328.1448924917036
Birnin Kebbi,Abakaliki,Kebbi,Ebonyi,1046.819744354233,15710.235837939748,1270.4599135418184
Hausari,Damaturu,Borno,Yobe,254.4225998460589,32181.23868780555,1265.2619625341163
Dutse,Chigo,Jigawa,Benue,643.4353307163021,22227.251249255576,1127.2364728082098
Sokoto,Yenagoa,Sokoto,Bayelsa,1183.4730347036352,11218.24248677465,1115.0820273732609
Lokoja,Yenagoa,Kogi,Bayelsa,420.325849817674,15192.606893431901,1094.5202146481959
Dutse,Ondo,Jigawa,Ondo,931.26264232779,13216.302634170812,1070.0759675371396
Dutse,Calabar,Jigawa,Cross River,993.5066981114117,13368.59900044393,1037.0960117808845
Hausari,Yenagoa,Borno,Bayelsa,1402.6113695622057,8428.93515703322,969.4394261130294
Birnin Kebbi,Lokoja,Kebbi,Kogi,763.1396490440148,15580.450619888432,956.1429299631811
Lafia,Yenagoa,Nasarawa,Bayelsa,607.5595577646034,12192.974941780061,930.8892846760671
Dutse,Boji-Boji,Jigawa,Delta,911.9323342551114,11457.018759814011,892.0612674487943
Dutse,Ado-Ekiti,Jigawa,Ekiti,838.2240005221635,12365.842890085909,890.7560412730944
Birnin Kebbi,Yola,Kebbi,Adamawa,1265.2504555501678,12071.4561651631,805.702805940808
Jalingo,Lokoja,Taraba,Kogi,679.2779474475329,12591.11268765797,797.526569182323
Dutse,Jenyau,Jigawa,Zamfara,385.42921446216894,30817.544463427683,755.1852244557733
Jenyau,Jalingo,Zamfara,Taraba,821.8577669522531,16683.372979759333,736.5703396859847
Bauchi,Yenagoa,Bauchi,Bayelsa,930.7200269271254,9044.564644447979,715.6474901000244
Tudun Wada,Damaturu,Kaduna,Yobe,583.3294873808082,9288.51683340688,699.1446709696627
Dutse,Awka,Jigawa,Anambra,865.2155058353344,7611.884685557189,645.5857636254959
Dutse,Lafia,Jigawa,Nasarawa,486.87521833555,16696.16786292805,629.0188890083322
Dutse,Bida,Jigawa,Niger,611.6900824814038,14445.28271782633,587.7649805040954
Dutse,Yola,Jigawa,Adamawa,578.8235780044017,15003.805836977288,584.2996557062663
Yola,Yenagoa,Adamawa,Bayelsa,1084.432289903539,4860.984486711639,416.09922151603377
Bauchi,Damaturu,Bauchi,Yobe,276.31905853489224,12890.531078284523,384.77488407506195
Dutse,Abakaliki,Jigawa,Ebonyi,805.720959022054,6898.24141955116,361.1804549802257
Birnin Kebbi,Jalingo,Kebbi,Taraba,1139.6998366383575,6989.802901562679,339.1453750627453
Damaturu,Owerri,Yobe,Imo,1064.9232917067532,2778.8535262541313,333.3365524623931
Damaturu,Benin City,Yobe,Edo,1106.5349278570843,2820.0416186423004,326.83288808653197
Damaturu,Jos,Yobe,Plateau,419.2489300115527,7108.68426445969,311.82794395845815
Damaturu,Port Harcourt,Yobe,Rivers,1150.1532143565196,2448.447193060813,279.3781421906618
Jenyau,Yenagoa,Zamfara,Bayelsa,1050.860491251699,4714.46500301571,273.7254533585069
Dutse,Jalingo,Jigawa,Taraba,504.5990672360875,9275.43339044537,260.874368092002
Damaturu,Ilorin,Yobe,Kwara,1066.2208469861664,2752.3979376335606,252.82809173057242
Damaturu,Oshogbo,Yobe,Osun,1112.3535868687372,2528.8312171943053,234.26806208533657
Damaturu,Ibadan,Yobe,Oyo,1219.769054376177,2052.613959633016,230.2500705740648
Funtua,Damaturu,Katsina,Yobe,580.9223153500748,4908.384932330119,207.92081922734423
Dutse,Lokoja,Jigawa,Kogi,681.7599820877901,5078.158304942293,207.87371376760987
Birnin Kebbi,Yenagoa,Kebbi,Bayelsa,1126.5064624378615,3305.398950769918,200.32549033185794
Dutse,Birnin Kebbi,Jigawa,Kebbi,733.2831914430371,6859.817247989328,196.80007344485816
Jalingo,Yenagoa,Taraba,Bayelsa,927.8913895478336,3119.3784123025903,192.12444652330453
Damaturu,Uyo,Yobe,Akwa Ibom,1051.737196979186,2052.6943157407263,190.49850595894011
Yola,Damaturu,Adamawa,Yobe,356.4602094724609,5651.6297999366225,186.25766844971412
Damaturu,Enugu,Yobe,Enugu,913.1907977470428,1909.5993977480075,171.30122967488367
Damaturu,Abeokuta,Yobe,Ogun,1305.3972163219507,1475.277260315481,157.69904676114635
Damaturu,Umuahia,Yobe,Abia,1022.8034449479692,1676.5637054162657,151.95008572962735
Damaturu,Chigo,Yobe,Benue,686.1667929480772,2792.146065472855,133.7413361737689
Damaturu,Calabar,Yobe,Cross River,1035.079557459603,1759.4705111672229,128.31840074823032
Sokoto,Damaturu,Sokoto,Yobe,906.1847101226946,2403.6697785609313,108.93677964283162
Damaturu,Ondo,Yobe,Ondo,1128.4936899261593,1285.7544255685934,100.86984328012711
Damaturu,Boji-Boji,Yobe,Delta,1054.4738180029544,1224.1290708217773,91.49096318297342
Damaturu,Ado-Ekiti,Yobe,Ekiti,1040.8068965530354,1145.7913655517937,80.36295598951472
Damaturu,Awka,Yobe,Anambra,977.5408947340215,851.8691262521135,69.03193436856493
Jalingo,Damaturu,Taraba,Yobe,368.67981550302426,2482.1632124164994,61.13380246427256
Damaturu,Lafia,Yobe,Nasarawa,592.5365226181727,1610.3632578918757,58.83605166199676
Damaturu,Bida,Yobe,Niger,840.3943654187402,1093.2629254786484,44.19833525592491
Damaturu,Abakaliki,Yobe,Ebonyi,877.3479694695243,831.1241863431543,41.27266446757034
Dutse,Yenagoa,Jigawa,Bayelsa,1080.42037835274,934.7315932894953,38.32799539002657
Jenyau,Damaturu,Zamfara,Yobe,682.1533124474814,1405.4819298588402,35.998257863717704
Dutse,Damaturu,Jigawa,Yobe,296.74041007093086,1556.6313650968339,23.707066066502538
Damaturu,Lokoja,Yobe,Kogi,848.3372976521784,468.5264175477699,18.682204689040212
Birnin Kebbi,Damaturu,Kebbi,Yobe,1030.018256373461,496.67022056421246,14.220300107173788
Damaturu,Yenagoa,Yobe,Bayelsa,1194.0693781228451,109.32394470531861,4.264274254072172
Dutse,Abuja,Jigawa,FCT,498.9525042414305,165.05094826615488,
Tudun Wada,Abuja,Kaduna,FCT,194.5415385624271,25034.955081239783,
Kano,Abuja,Kano,FCT,422.73338,8982.798104601978,
Funtua,Abuja,Katsina,FCT,332.55413816856,4490.009873109836,
Birnin Kebbi,Abuja,Kebbi,FCT,603.4423910367631,433.7940692692799,
Sokoto,Abuja,Sokoto,FCT,601.0119027468654,1638.0961607512247,
Jenyau,Abuja,Zamfara,FCT,426.8431959998058,1076.0929847484992,
Yola,Abuja,Adamawa,FCT,791.8970396858725,343.2856572713812,
Bauchi,Abuja,Bauchi,FCT,441.9423949569341,1510.6311533497947,
Hausari,Abuja,Borno,FCT,961.1746226711404,675.9379222304984,
Gombe,Abuja,Gombe,FCT,622.4323800267781,1475.9899129809944,
Jalingo,Abuja,Taraba,FCT,634.4972865569787,251.22727901113169,
Damaturu,Abuja,Yobe,FCT,711.3491413465548,11.600394906469003,
Chigo,Abuja,Benue,FCT,408.9063177483662,2356.9325862801866,
Abuja,Lokoja,FCT,Kogi,211.3549075612606,2262.7876962627633,
Abuja,Lafia,FCT,Nasarawa,252.26745823868663,2663.3541215464265,
Abuja,Bida,FCT,Niger,133.571266941286,12973.646762364599,
Abuja,Jos,FCT,Plateau,232.623612,6921.860406622548,
Abuja,Ado-Ekiti,FCT,Ekiti,339.5581127064111,3227.1185578279324,
Abuja,Ikeja,FCT,Lagos,640.9950702499851,7205.745010593188,
Abuja,Abeokuta,FCT,Ogun,594.6382690613358,2131.3294055023807,
Abuja,Ondo,FCT,Ondo,432.3315744610833,2626.150820428016,
Abuja,Ibadan,FCT,Oyo,617.213147,2403.197364992917,
Abuja,Umuahia,FCT,Abia,545.1255202238482,1769.3293080308435,
Abuja,Awka,FCT,Anambra,439.89956290000174,1261.05190551537,
Abuja,Abakaliki,FCT,Ebonyi,456.0066827494068,922.2836976106677,
Abuja,Enugu,FCT,Enugu,365.950705,3564.654320153705,
Abuja,Owerri,FCT,Imo,545.1547964525272,3178.775870420695,
Abuja,Uyo,FCT,Akwa Ibom,626.6433353046984,1733.385553429215,
Abuja,Yenagoa,FCT,Bayelsa,631.6032881893753,117.13398711311744,
Abuja,Calabar,FCT,Cross River,651.8247731310221,1330.040931108178,
Abuja,Boji-Boji,FCT,Delta,444.3445362953773,2066.5998808307877,
Abuja,Benin City,FCT,Edo,466.008375,4766.456165577177,
Abuja,Port Harcourt,FCT,Rivers,606.982748,2635.4010646406164,
Abuja,Ilorin,FCT,Kwara,358.0041205562102,7318.579380617435,
Abuja,Oshogbo,FCT,Osun,401.9282129702265,5806.385336351484,
