Year,State,LGA,Population,Area_sqkm,Population Density,Urban %,Rural %,Male Population,Female Population,Youth %,Elderly %,Growth Rate,Birth Rate,Death Rate,Migration Rate,Median Age,Urbanization Level,Literacy %,Education Index,Employment Rate,Unemployment %,Healthcare Access,Poverty Rate %,Housing Deficit
2012,Lagos,Ikorodu,583710,632.71,922.56,67.9,32.099999999999994,297515,286195,33.7,5.8,3.7,25.7,6.4,7.4,23.9,65.1,55.9,0.38,66.6,33.4,96,31.2,16833
2021,Rivers,Obio/Akpor,662018,522.22,1267.7,46.9,53.1,341113,320905,39.8,7.9,1.7,23.0,10.8,-5.1,20.3,79.5,94.1,0.66,61.4,38.6,79,28.2,31574
2010,Enugu,Nsukka,677779,826.07,820.49,25.7,74.3,330894,346885,31.5,9.1,2.7,34.1,5.6,-2.6,27.7,61.2,94.8,0.41,66.5,33.5,64,62.9,24077
2023,Rivers,Bonny,292620,636.4,459.81,85.5,14.5,143548,149072,32.2,7.6,1.7,32.4,5.6,3.9,28.1,73.4,74.8,0.76,78.1,21.9,75,18.1,86793
2017,Rivers,Obio/Akpor,309243,638.77,484.12,88.2,11.799999999999997,150020,159223,30.9,9.6,3.8,32.9,9.9,-3.7,27.8,70.5,74.8,0.5,66.0,34.0,59,57.8,92124
2022,Lagos,Ikorodu,873667,784.76,1113.29,52.5,47.5,446466,427201,29.6,4.1,3.9,25.8,6.8,-0.2,19.4,85.0,85.9,0.41,61.0,39.0,85,15.4,52296
2024,Kano,Gwale,990337,163.12,6071.22,49.2,50.8,485838,504499,30.5,7.3,2.8,36.1,8.8,1.9,23.8,66.1,50.5,0.89,71.1,28.9,83,26.2,95069
2018,Rivers,Obio/Akpor,964565,520.58,1852.87,31.9,68.1,498140,466425,29.2,9.9,1.6,37.1,11.1,-7.3,19.1,73.9,52.7,0.54,63.9,36.1,66,50.6,58978
2011,Kaduna,Zaria,887523,199.73,4443.61,52.4,47.6,437473,450050,26.6,3.3,2.6,38.1,10.6,-3.8,19.8,52.7,70.2,0.33,63.4,36.6,57,51.9,31482
2010,Lagos,Epe,384244,949.3,404.77,66.4,33.599999999999994,188453,195791,35.2,8.1,1.7,26.5,7.3,3.9,26.5,79.5,68.5,0.79,62.5,37.5,77,63.1,90902
2017,Enugu,Udi,841686,196.24,4289.06,85.2,14.799999999999997,423869,417817,37.2,4.8,3.5,38.6,6.6,-2.2,28.8,81.9,78.5,0.85,60.9,39.1,88,36.0,25397
2018,Kaduna,Chikun,736304,412.09,1786.76,26.2,73.8,373959,362345,38.8,8.6,2.9,33.6,9.0,6.5,24.7,50.9,75.3,0.44,75.2,24.8,61,64.9,18066
2012,Rivers,Port Harcourt,90668,724.66,125.12,33.2,66.8,43712,46956,37.6,4.3,1.7,22.7,10.9,5.5,21.1,94.9,54.0,0.72,60.5,39.5,76,16.7,13404
2013,Lagos,Surulere,881355,488.97,1802.47,46.7,53.3,429473,451882,39.3,7.5,3.1,35.1,6.2,-2.6,24.2,76.7,50.1,0.63,65.6,34.4,80,55.5,33898
2014,Lagos,Surulere,877143,984.26,891.17,62.8,37.2,438735,438408,30.8,5.6,1.5,30.5,5.4,6.9,19.8,59.0,87.7,0.59,80.6,19.4,64,24.6,17556
2016,Enugu,Udi,318683,228.23,1396.32,46.3,53.7,164661,154022,36.8,6.9,3.3,22.3,14.0,4.0,18.7,64.2,89.3,0.7,76.1,23.9,87,16.6,27382
2010,Rivers,Obio/Akpor,232196,183.87,1262.83,30.2,69.8,117666,114530,33.7,6.5,2.3,33.6,7.0,6.6,20.0,83.5,70.8,0.69,83.9,16.1,57,44.6,34157
2011,Lagos,Ikeja,889506,919.44,967.44,36.6,63.4,459013,430493,29.3,6.0,2.1,20.4,14.2,0.3,21.0,95.6,68.6,0.36,86.2,13.8,59,60.9,30415
2014,Kaduna,Sabon Gari,788156,100.31,7857.2,65.8,34.2,409496,378660,32.8,9.1,2.8,27.4,11.8,8.0,22.2,93.9,58.7,0.59,68.1,31.9,70,47.3,89744
2020,Kano,Nassarawa,284139,452.31,628.2,44.5,55.5,137193,146946,33.4,3.9,2.3,38.2,10.2,4.5,26.2,93.7,65.2,0.44,75.1,24.9,74,19.1,32768
2020,Kano,Gwale,436979,115.64,3778.79,84.4,15.599999999999994,224781,212198,34.5,3.5,2.3,23.4,5.2,-8.7,21.2,81.1,57.2,0.3,66.7,33.3,89,15.5,80774
2017,Kaduna,Chikun,682269,727.8,937.44,36.6,63.4,338017,344252,35.5,3.3,2.3,28.8,5.2,-6.8,25.3,59.8,66.8,0.68,75.7,24.3,72,21.6,39096
2014,Kaduna,Chikun,217030,596.2,364.02,59.9,40.1,110770,106260,31.4,9.3,4.0,29.0,13.5,6.2,19.1,62.7,66.3,0.66,74.7,25.3,80,58.6,63587
2023,Kaduna,Chikun,114337,555.99,205.65,81.6,18.400000000000006,55935,58402,37.5,2.7,1.6,35.0,14.7,-0.9,21.0,63.7,86.6,0.4,64.8,35.2,66,60.1,49728
2016,Rivers,Eleme,186307,252.07,739.11,21.7,78.3,95002,91305,36.9,4.0,2.6,25.9,8.9,7.0,20.7,57.1,54.5,0.77,76.2,23.8,100,20.7,20304
2019,Enugu,Awgu,204373,957.02,213.55,37.8,62.2,102820,101553,25.8,2.7,4.0,22.3,14.5,-2.6,22.4,88.7,69.7,0.71,69.2,30.8,84,57.9,65510
2014,Lagos,Ikeja,680470,384.1,1771.6,67.7,32.3,336722,343748,31.4,4.1,2.6,26.1,10.2,-10.0,24.0,52.1,92.7,0.89,85.1,14.9,69,67.8,52526
2016,Rivers,Eleme,187363,213.96,875.69,59.9,40.1,94090,93273,35.2,5.4,3.2,39.3,11.0,-4.3,20.3,62.6,59.5,0.56,86.6,13.4,90,11.3,97319
2024,Lagos,Epe,954041,204.62,4662.5,31.7,68.3,491860,462181,34.6,7.6,1.9,24.6,14.3,-4.0,22.7,70.4,69.7,0.72,71.7,28.3,60,39.3,92380
2022,Rivers,Port Harcourt,614414,68.96,8909.72,46.7,53.3,318056,296358,29.7,2.7,2.3,36.3,10.0,-8.4,24.6,95.7,58.8,0.47,66.1,33.9,53,53.0,65238
2015,Rivers,Eleme,869672,939.57,925.61,77.9,22.099999999999994,430367,439305,28.7,3.4,2.5,39.8,10.4,-2.5,19.5,64.4,61.8,0.4,73.7,26.3,61,33.2,97106
2012,Enugu,Udi,974370,847.5,1149.7,43.4,56.6,482206,492164,31.9,3.3,2.8,24.5,14.2,-5.2,23.2,58.1,75.0,0.85,60.2,39.8,67,29.6,77978
2018,Kano,Nassarawa,993121,735.53,1350.21,35.4,64.6,483824,509297,25.7,2.4,2.3,30.2,10.2,1.8,20.5,60.1,51.2,0.83,86.4,13.6,78,30.7,44700
2018,Enugu,Awgu,693625,893.63,776.19,58.6,41.4,334232,359393,34.2,3.3,2.1,32.9,6.3,-0.4,27.5,64.2,73.0,0.4,76.5,23.5,98,37.1,44614
2014,Kaduna,Chikun,420044,331.85,1265.76,27.0,73.0,216524,203520,39.5,7.7,3.3,36.7,14.2,2.2,25.5,70.1,60.6,0.74,64.2,35.8,65,18.6,81800
2015,Kano,Gwale,444450,940.91,472.36,89.1,10.900000000000006,231025,213425,37.1,2.4,3.3,30.4,7.1,0.9,26.8,52.2,52.3,0.37,80.4,19.6,60,31.1,97200
2011,Kano,Nassarawa,221152,927.27,238.5,41.5,58.5,113132,108020,34.3,8.2,1.7,21.6,12.6,-7.3,18.4,53.2,60.9,0.48,81.5,18.5,85,51.3,80647
2012,Kano,Gwale,741013,91.39,8108.25,80.0,20.0,381964,359049,26.2,5.5,1.6,22.4,11.3,6.4,27.3,50.3,61.0,0.41,78.8,21.2,88,28.0,46015
2013,Lagos,Epe,743345,143.43,5182.63,48.9,51.1,377258,366087,29.6,6.1,2.2,32.3,9.1,-3.7,19.5,81.4,74.5,0.88,81.7,18.3,71,59.3,92591
2010,Enugu,Awgu,666741,201.15,3314.65,37.1,62.9,342530,324211,38.1,8.7,2.8,20.5,14.3,-8.8,19.6,99.3,86.5,0.69,69.2,30.8,58,29.9,15564
2016,Lagos,Ikeja,973376,67.51,14418.25,78.5,21.5,499129,474247,31.5,2.2,2.0,31.9,6.1,-5.5,29.1,67.5,79.3,0.37,67.2,32.8,56,68.9,29202
2012,Lagos,Ikorodu,313145,819.36,382.18,58.1,41.9,158734,154411,36.6,9.0,3.0,38.8,7.2,-6.1,26.7,52.5,74.9,0.61,84.3,15.7,66,40.0,44317
2016,Enugu,Nsukka,811780,964.7,841.48,80.3,19.700000000000003,418958,392822,25.1,3.3,1.5,39.9,9.9,-9.2,27.2,68.9,76.5,0.65,70.0,30.0,89,28.9,43066
2012,Kano,Nassarawa,76121,139.9,544.11,64.5,35.5,38427,37694,35.8,5.6,2.9,37.3,5.7,-0.4,18.9,57.2,65.2,0.64,69.8,30.2,84,33.1,31529
2019,Enugu,Udi,903206,274.35,3292.17,85.5,14.5,464116,439090,26.0,4.0,3.3,21.5,5.3,-3.3,22.8,76.1,88.2,0.31,74.3,25.7,53,49.9,56868
2012,Enugu,Awgu,978430,598.07,1635.98,70.8,29.200000000000003,484253,494177,37.7,7.6,3.2,31.9,12.0,-0.8,27.1,51.0,77.6,0.51,65.4,34.6,75,39.9,34272
2016,Lagos,Ikeja,645298,255.05,2530.08,26.5,73.5,330985,314313,40.0,7.5,1.6,28.8,9.2,8.5,27.5,97.0,89.0,0.59,87.7,12.3,67,32.0,89838
2016,Lagos,Ikeja,686898,131.83,5210.48,45.1,54.9,356004,330894,39.7,4.8,3.3,36.9,5.2,4.9,18.2,51.4,84.0,0.78,72.0,28.0,50,15.8,15420
2011,Enugu,Udi,749494,52.1,14385.68,65.3,34.7,361267,388227,33.2,4.6,2.8,28.5,13.9,-0.2,26.9,50.7,56.1,0.55,75.4,24.6,71,50.0,73946
2013,Enugu,Awgu,903377,217.12,4160.73,38.3,61.7,434786,468591,28.8,7.8,2.8,30.6,9.2,-9.0,29.2,99.3,87.0,0.37,82.7,17.3,71,11.9,96224
2011,Rivers,Bonny,268133,323.32,829.31,27.0,73.0,135688,132445,27.3,3.6,3.1,27.0,5.0,-5.8,23.8,90.8,74.8,0.67,68.5,31.5,56,24.6,28597
2017,Kano,Gwale,164750,276.45,595.95,60.0,40.0,80905,83845,38.9,8.1,2.1,37.2,11.2,9.9,18.8,95.8,53.1,0.7,80.7,19.3,97,36.3,60362
2024,Lagos,Ikorodu,602658,148.25,4065.15,27.3,72.7,299775,302883,30.4,5.3,2.7,26.8,10.8,-2.5,20.7,84.9,63.3,0.32,76.3,23.7,84,19.9,49325
2021,Kano,Gwale,498411,875.66,569.18,82.4,17.599999999999994,251089,247322,33.9,7.8,3.0,21.7,7.4,0.8,19.9,67.6,74.0,0.75,89.9,10.1,50,23.8,58670
2016,Rivers,Eleme,475866,456.02,1043.52,28.2,71.8,240115,235751,28.4,2.5,3.6,22.7,6.7,8.8,19.9,89.7,78.4,0.75,69.1,30.9,85,60.9,98760
2013,Rivers,Eleme,782446,667.12,1172.87,88.1,11.900000000000006,386239,396207,25.3,9.8,2.9,35.7,11.0,5.8,29.4,86.2,90.2,0.4,65.4,34.6,52,23.0,17440
2021,Rivers,Bonny,552009,164.93,3346.93,68.8,31.200000000000003,279451,272558,26.9,3.2,1.9,29.4,8.6,5.6,20.4,74.0,81.5,0.32,66.2,33.8,79,17.5,44729
2019,Lagos,Surulere,911737,619.29,1472.23,69.0,31.0,444904,466833,28.7,5.0,1.9,29.9,7.6,-3.1,25.1,71.9,93.2,0.74,82.9,17.1,63,45.0,74809
2019,Lagos,Epe,854893,292.12,2926.51,51.7,48.3,443732,411161,35.1,2.6,2.3,35.4,10.7,-0.3,28.0,52.6,76.2,0.7,86.7,13.3,56,65.3,46395
2014,Rivers,Obio/Akpor,760109,855.04,888.97,39.5,60.5,383417,376692,35.6,8.4,3.6,26.7,5.9,5.0,24.2,95.3,80.8,0.88,69.7,30.3,81,11.2,34521
2018,Kano,Tarauni,295812,645.26,458.44,64.4,35.599999999999994,143313,152499,25.2,8.2,2.2,37.9,12.3,9.4,21.3,82.0,65.2,0.39,69.3,30.7,59,30.1,46870
2016,Kaduna,Kagarko,858836,965.16,889.84,74.0,26.0,433886,424950,32.6,7.7,2.6,35.6,7.2,-7.4,29.9,69.8,60.1,0.54,65.4,34.6,63,21.4,56078
2016,Kaduna,Sabon Gari,302688,934.51,323.9,44.6,55.4,155502,147186,32.1,8.5,3.5,23.1,10.3,1.2,18.4,86.7,70.8,0.33,70.0,30.0,78,40.7,62150
2024,Kaduna,Sabon Gari,825901,70.92,11645.53,69.1,30.900000000000006,399703,426198,37.6,7.9,4.0,36.6,14.8,4.6,23.2,75.9,56.1,0.71,73.3,26.7,74,17.4,66868
2018,Kaduna,Sabon Gari,548082,933.15,587.35,38.3,61.7,273914,274168,27.6,6.8,3.2,28.5,8.4,4.9,26.2,81.8,56.4,0.74,67.3,32.7,86,57.3,69464
2017,Enugu,Awgu,914695,131.87,6936.34,23.2,76.8,452032,462663,25.8,8.2,2.1,36.3,9.9,-9.9,28.9,65.6,83.6,0.47,89.3,10.7,75,51.1,51548
2020,Enugu,Udi,680055,284.38,2391.36,29.0,71.0,328095,351960,34.6,5.7,3.1,33.7,12.6,-2.7,29.0,94.9,68.0,0.9,82.8,17.2,78,60.5,46437
2014,Rivers,Eleme,778434,269.38,2889.72,45.8,54.2,403361,375073,33.8,2.3,4.0,38.5,6.1,7.2,24.8,50.3,77.9,0.49,85.7,14.3,53,18.8,40340
2014,Enugu,Nsukka,984600,800.0,1230.75,46.8,53.2,485343,499257,31.7,7.8,2.4,36.2,10.1,5.7,27.3,80.8,74.5,0.61,89.6,10.4,66,24.9,89279
2020,Enugu,Nsukka,983322,89.75,10956.23,58.1,41.9,481083,502239,32.4,4.0,2.4,28.3,11.3,-7.2,21.1,65.2,63.1,0.7,68.0,32.0,76,38.7,72641
2021,Enugu,Awgu,358239,135.56,2642.66,66.5,33.5,182188,176051,31.4,2.3,3.0,24.8,10.2,1.5,25.2,79.5,57.7,0.81,66.8,33.2,56,54.1,65056
2024,Lagos,Ikeja,130799,526.65,248.36,27.2,72.8,64599,66200,25.9,2.0,2.6,27.6,14.9,-1.3,19.4,95.5,61.4,0.57,88.9,11.1,78,45.3,30759
2011,Kaduna,Zaria,992088,745.73,1330.36,29.4,70.6,505134,486954,29.3,3.0,3.6,36.5,7.6,1.3,21.6,62.9,66.8,0.41,81.0,19.0,95,43.7,31674
2021,Kano,Nassarawa,418505,258.65,1618.04,25.9,74.1,202283,216222,32.5,2.7,1.9,20.7,5.7,-8.5,25.2,54.7,91.0,0.65,60.4,39.6,50,61.5,23772
2014,Rivers,Obio/Akpor,924480,583.94,1583.18,74.6,25.400000000000006,476303,448177,34.0,3.2,1.7,39.3,15.0,-9.7,26.8,91.4,63.5,0.67,79.5,20.5,97,29.5,89896
2013,Rivers,Obio/Akpor,862632,99.99,8627.18,42.5,57.5,445518,417114,30.6,3.0,3.8,28.6,8.1,-5.5,22.7,89.5,66.6,0.47,71.5,28.5,98,21.6,23780
2014,Enugu,Awgu,773575,791.7,977.11,43.1,56.9,396029,377546,25.8,4.6,1.9,32.2,13.6,9.6,20.7,77.7,58.9,0.66,70.7,29.3,89,28.5,89912
2018,Kano,Nassarawa,363035,720.96,503.54,40.9,59.1,186677,176358,34.9,8.1,3.4,30.5,12.8,6.2,23.3,56.6,69.8,0.66,86.7,13.3,63,14.7,98506
2021,Enugu,Udi,904267,690.14,1310.27,82.3,17.700000000000003,465830,438437,34.9,9.7,2.5,27.0,5.9,0.1,27.7,82.6,56.7,0.35,64.3,35.7,87,26.4,91832
2010,Enugu,Oji River,960422,710.8,1351.18,76.9,23.099999999999994,463096,497326,25.9,3.0,2.2,37.1,10.4,4.5,28.5,55.7,92.8,0.33,74.1,25.9,82,61.5,64581
2019,Kano,Gwale,559548,907.09,616.86,43.0,57.0,278263,281285,31.3,7.0,1.6,29.3,6.7,1.9,20.2,78.4,70.5,0.85,78.3,21.7,98,26.7,27769
2023,Kaduna,Chikun,303986,890.14,341.5,66.6,33.400000000000006,151697,152289,36.8,2.8,2.2,36.3,11.0,-1.1,27.7,69.7,66.1,0.56,73.9,26.1,58,30.6,44112
2022,Lagos,Epe,215946,587.89,367.32,25.6,74.4,104416,111530,39.3,6.2,2.4,37.7,11.6,-2.5,24.3,77.2,59.2,0.82,82.2,17.8,63,48.1,60548
2019,Lagos,Epe,703880,433.71,1622.93,25.4,74.6,344442,359438,32.7,8.5,1.7,22.6,9.5,4.4,21.9,75.3,51.9,0.34,61.8,38.2,98,31.4,25515
2013,Lagos,Ikeja,856038,802.31,1066.97,36.1,63.9,437782,418256,38.6,4.8,2.4,33.8,5.1,1.4,28.9,75.3,68.6,0.32,79.7,20.3,81,43.9,12421
2016,Lagos,Epe,714804,230.07,3106.9,66.1,33.900000000000006,348219,366585,29.8,5.1,2.4,30.1,14.6,-5.7,24.8,61.7,68.3,0.46,87.9,12.1,77,15.4,63446
2013,Lagos,Surulere,573359,202.35,2833.5,47.7,52.3,297988,275371,31.4,6.0,2.8,22.1,7.8,-6.2,24.7,56.8,62.8,0.6,66.5,33.5,83,15.5,90475
2021,Kano,Bichi,621355,363.36,1710.03,75.2,24.799999999999997,320537,300818,38.2,3.3,3.2,33.3,11.3,6.4,22.0,56.3,50.0,0.8,89.9,10.1,63,61.3,13132
2016,Kano,Bichi,355203,980.32,362.33,52.1,47.9,182237,172966,30.1,7.8,1.8,22.7,14.9,7.9,22.6,66.3,67.4,0.48,66.2,33.8,100,46.4,97951
2024,Rivers,Bonny,946856,623.13,1519.52,37.0,63.0,474901,471955,25.3,2.7,2.8,21.6,8.3,4.9,28.5,56.7,88.8,0.35,86.4,13.6,56,52.3,87127
2021,Enugu,Awgu,515396,978.88,526.52,43.9,56.1,251191,264205,25.1,9.3,3.5,34.1,13.4,-2.4,26.8,56.9,85.3,0.55,74.2,25.8,94,23.1,89205
2015,Rivers,Port Harcourt,743389,626.75,1186.1,87.4,12.599999999999994,367442,375947,29.3,9.7,2.8,38.5,12.4,-2.9,28.9,77.7,91.4,0.38,82.8,17.2,73,45.6,53849
2022,Enugu,Awgu,334266,719.51,464.57,85.0,15.0,160599,173667,33.0,9.7,2.1,37.2,9.1,2.3,21.3,57.5,93.3,0.66,63.0,37.0,57,43.7,18534
2016,Kano,Nassarawa,925772,984.01,940.82,30.3,69.7,456773,468999,32.6,8.7,2.3,36.6,6.9,7.4,26.1,70.8,58.6,0.59,68.7,31.3,59,10.0,36902
2013,Kano,Gwale,448227,855.1,524.18,80.5,19.5,215987,232240,28.2,7.8,3.7,36.0,11.9,-0.9,18.2,75.6,60.1,0.75,81.1,18.9,58,10.6,41625
2021,Kano,Bichi,401766,552.72,726.89,23.6,76.4,199166,202600,28.8,3.8,3.5,33.0,13.7,5.1,29.1,98.2,62.3,0.88,65.3,34.7,59,44.0,37027
2012,Enugu,Oji River,432407,235.48,1836.28,70.6,29.400000000000006,217552,214855,35.2,3.8,3.5,25.5,9.8,3.9,22.3,81.7,60.8,0.82,69.0,31.0,76,69.4,57342
2021,Kaduna,Zaria,419372,67.28,6233.23,71.3,28.700000000000003,211337,208035,34.7,6.3,2.4,30.6,6.6,-4.6,18.6,84.8,80.1,0.69,84.4,15.6,83,22.7,85294
2014,Kano,Nassarawa,595671,148.64,4007.47,28.2,71.8,286387,309284,39.3,4.5,3.0,22.1,13.1,-3.9,21.6,96.8,68.5,0.51,64.2,35.8,96,61.0,39939
2022,Kaduna,Kagarko,339927,662.41,513.17,74.4,25.599999999999994,175378,164549,32.4,4.5,2.2,22.5,14.5,-8.5,27.6,85.2,89.0,0.82,81.3,18.7,89,17.4,65235
2019,Enugu,Nsukka,500254,467.29,1070.54,72.9,27.099999999999994,255377,244877,37.1,8.0,1.9,34.8,8.1,-3.3,26.6,80.5,85.8,0.42,74.1,25.9,54,26.0,63811
2023,Enugu,Oji River,914009,284.9,3208.17,34.4,65.6,474247,439762,29.0,5.3,2.6,32.8,8.3,9.6,22.3,68.5,86.8,0.64,87.5,12.5,69,10.3,94791
2021,Lagos,Surulere,132753,266.8,497.57,87.9,12.099999999999994,64662,68091,31.7,3.0,3.6,28.9,13.4,-5.9,24.5,54.9,54.6,0.55,87.3,12.7,86,29.4,23399
2022,Kaduna,Kagarko,349645,422.49,827.58,24.0,76.0,169743,179902,29.2,8.3,3.8,22.1,7.7,4.2,20.8,59.9,57.8,0.6,77.4,22.6,67,45.1,78410
2022,Kano,Tarauni,541594,452.43,1197.08,54.1,45.9,266447,275147,29.7,7.0,2.7,27.7,9.6,6.2,24.4,56.4,59.3,0.84,81.7,18.3,71,65.4,80766
2019,Enugu,Udi,739364,770.55,959.53,83.8,16.200000000000003,373782,365582,36.1,9.4,1.8,24.5,11.6,1.3,19.0,62.2,83.9,0.56,71.5,28.5,62,46.4,63744
2015,Enugu,Awgu,647060,172.4,3753.25,36.5,63.5,318188,328872,28.0,3.0,2.4,24.9,5.5,-1.3,26.6,86.0,51.1,0.71,75.3,24.7,70,42.4,39796
2014,Kaduna,Zaria,502347,56.15,8946.52,53.2,46.8,251325,251022,32.4,5.1,3.4,21.9,11.8,3.2,26.9,73.3,85.7,0.66,64.1,35.9,56,24.4,38154
2024,Enugu,Udi,664762,101.97,6519.19,78.8,21.200000000000003,333396,331366,29.5,9.7,3.7,21.7,9.5,-6.3,20.0,63.4,52.6,0.69,77.0,23.0,96,11.5,12803
2020,Kano,Bichi,429795,531.79,808.2,30.8,69.2,220177,209618,26.3,7.4,2.2,37.2,13.3,-7.8,22.2,79.8,84.1,0.57,84.8,15.2,62,18.1,17960
2023,Lagos,Epe,630481,758.2,831.55,59.7,40.3,326008,304473,33.9,4.4,3.1,25.7,13.1,-4.7,23.6,90.0,70.4,0.64,71.8,28.2,85,15.6,15790
2010,Lagos,Epe,227597,676.79,336.29,54.1,45.9,113001,114596,31.9,5.3,1.7,30.2,11.0,-2.1,18.6,81.7,71.9,0.41,77.5,22.5,99,65.7,94720
2020,Rivers,Obio/Akpor,542529,649.51,835.29,78.3,21.700000000000003,271421,271108,38.7,2.3,3.6,22.7,14.4,0.1,19.7,86.0,93.7,0.76,71.9,28.1,89,16.4,62833
2010,Lagos,Ikeja,295054,51.37,5743.7,88.0,12.0,151557,143497,26.2,8.8,3.6,20.9,6.1,-1.6,28.4,57.7,93.0,0.51,89.8,10.2,54,14.1,80790
2020,Kaduna,Kagarko,723435,76.82,9417.27,73.1,26.900000000000006,357463,365972,27.9,5.8,2.8,22.1,5.3,7.6,22.0,71.7,94.1,0.86,72.7,27.3,80,32.3,42436
2020,Kano,Bichi,433407,65.35,6632.09,56.7,43.3,215848,217559,37.2,7.1,3.9,29.6,9.7,7.3,20.7,51.5,56.7,0.83,72.4,27.6,76,54.0,82732
2013,Kaduna,Sabon Gari,127992,281.07,455.37,58.3,41.7,61798,66194,28.4,4.4,2.9,22.5,5.3,1.5,20.6,93.6,68.8,0.7,69.3,30.7,93,64.0,10990
2013,Kaduna,Sabon Gari,374249,669.07,559.36,21.0,79.0,189650,184599,29.1,8.4,2.5,39.2,5.6,6.3,28.6,59.9,59.6,0.67,65.2,34.8,74,66.8,46907
2020,Lagos,Surulere,905753,444.87,2035.99,26.2,73.8,437334,468419,27.2,2.1,3.5,37.7,10.2,6.3,28.3,79.1,54.5,0.88,81.8,18.2,89,24.6,15305
2019,Lagos,Ikeja,766303,558.56,1371.93,83.7,16.299999999999997,375861,390442,37.0,3.8,2.9,35.0,10.7,4.0,21.6,62.2,61.6,0.4,82.5,17.5,61,53.2,44606
2010,Enugu,Oji River,977661,116.06,8423.75,43.2,56.8,506457,471204,39.7,8.7,3.3,31.9,8.7,-4.4,24.2,78.6,83.1,0.7,88.0,12.0,65,69.7,50895
2013,Enugu,Awgu,764929,642.52,1190.51,21.2,78.8,378080,386849,30.4,5.3,3.9,30.8,7.2,8.6,29.2,59.6,75.6,0.54,69.2,30.8,64,10.1,99741
2023,Lagos,Epe,139181,225.6,616.94,67.0,33.0,69300,69881,36.7,4.7,2.1,20.1,12.8,-0.5,25.0,67.2,80.7,0.43,78.8,21.2,86,55.8,42667
2019,Kano,Bichi,946875,748.49,1265.05,50.1,49.9,479884,466991,27.7,3.6,3.7,25.0,11.2,-4.5,24.7,53.7,82.1,0.59,62.0,38.0,60,49.6,64944
2018,Kaduna,Chikun,464294,787.87,589.3,54.8,45.2,234395,229899,28.5,6.7,3.2,40.0,5.8,-7.5,18.0,94.5,73.8,0.72,65.6,34.4,71,15.1,66013
2015,Kaduna,Chikun,91232,366.26,249.09,75.5,24.5,46719,44513,37.1,5.5,1.8,31.2,9.7,-5.9,21.7,77.5,81.5,0.51,67.2,32.8,90,39.6,74971
2018,Lagos,Epe,328105,132.8,2470.67,74.6,25.400000000000006,166682,161423,27.1,2.4,1.6,39.1,10.9,4.5,25.5,88.4,61.5,0.6,62.7,37.3,99,13.4,43014
2011,Lagos,Epe,258243,721.71,357.82,71.9,28.099999999999994,126407,131836,34.3,3.4,2.5,30.0,12.8,1.3,18.3,65.9,87.7,0.85,77.2,22.8,94,32.0,53642
2023,Enugu,Nsukka,323665,448.46,721.73,74.6,25.400000000000006,160469,163196,31.6,9.7,1.7,20.0,8.3,-9.0,23.0,54.2,63.0,0.82,62.8,37.2,92,68.3,46269
2015,Rivers,Bonny,816782,701.61,1164.15,71.4,28.599999999999994,395327,421455,30.5,9.0,3.8,20.0,9.1,8.7,22.7,55.6,79.9,0.56,62.4,37.6,60,27.5,58721
2012,Lagos,Surulere,230532,674.5,341.78,54.0,46.0,115326,115206,37.7,6.7,2.8,31.2,14.9,-0.7,23.2,86.0,76.2,0.8,72.6,27.4,85,68.8,80172
2017,Rivers,Port Harcourt,181499,673.31,269.56,25.0,75.0,89755,91744,27.7,9.7,2.7,22.2,7.7,-9.1,19.5,96.8,61.3,0.31,70.5,29.5,90,19.1,39994
2012,Kaduna,Chikun,538458,941.91,571.67,23.4,76.6,263601,274857,39.3,6.3,2.5,24.4,10.9,9.5,29.6,67.6,71.3,0.39,88.6,11.4,84,62.9,20621
2013,Kaduna,Chikun,854424,533.41,1601.81,45.9,54.1,418062,436362,32.3,8.8,1.9,27.2,9.3,-3.0,28.9,58.3,54.8,0.34,68.9,31.1,100,63.2,77942
2011,Enugu,Oji River,709702,94.06,7545.21,69.8,30.200000000000003,348874,360828,37.8,7.1,3.3,29.8,14.6,-7.9,25.9,91.1,58.5,0.41,79.2,20.8,98,37.2,11174
2015,Lagos,Surulere,511574,540.04,947.29,84.5,15.5,249799,261775,34.9,7.8,3.1,31.6,13.7,8.2,26.6,78.6,67.6,0.33,86.2,13.8,61,61.1,99191
2022,Kaduna,Zaria,874195,323.42,2702.97,22.1,77.9,433794,440401,28.0,9.7,2.4,34.3,10.4,4.5,22.8,73.9,86.4,0.31,74.2,25.8,65,18.3,91765
2016,Rivers,Bonny,708947,898.36,789.16,53.0,47.0,343860,365087,33.2,2.3,2.2,29.7,13.0,1.2,21.9,87.9,51.9,0.42,87.5,12.5,80,68.3,57911
2022,Kaduna,Zaria,637033,485.71,1311.55,28.2,71.8,331006,306027,34.3,3.9,2.1,21.8,5.6,1.8,21.0,51.1,75.0,0.63,82.6,17.4,62,32.9,46856
2024,Kano,Nassarawa,142782,297.56,479.84,87.9,12.099999999999994,68563,74219,35.9,4.6,3.8,32.4,9.4,0.8,22.9,90.5,68.5,0.59,64.9,35.1,59,60.1,51913
2024,Kaduna,Zaria,581124,304.95,1905.64,37.0,63.0,291415,289709,31.0,2.1,3.3,32.6,10.0,-5.3,25.4,53.8,68.2,0.62,61.3,38.7,50,16.9,38720
2017,Rivers,Bonny,562012,831.6,675.82,55.7,44.3,270457,291555,40.0,9.7,2.4,31.3,11.9,7.5,22.5,82.9,64.1,0.4,77.4,22.6,63,13.3,62203
2020,Lagos,Epe,112586,251.07,448.42,41.7,58.3,55272,57314,27.7,3.1,2.1,28.7,11.9,3.7,29.1,89.4,91.7,0.57,62.8,37.2,80,64.6,98575
2011,Rivers,Eleme,981364,416.02,2358.93,23.1,76.9,501768,479596,27.5,2.6,2.5,21.9,13.1,-4.3,20.4,68.8,87.0,0.8,86.4,13.6,59,66.5,74943
2015,Kaduna,Chikun,522855,945.95,552.73,34.9,65.1,259961,262894,28.6,5.9,2.6,20.7,11.6,-0.9,28.5,95.2,60.1,0.45,66.6,33.4,93,14.9,18958
2022,Enugu,Udi,103409,585.35,176.66,56.2,43.8,51409,52000,32.2,5.3,1.8,21.6,10.8,1.4,20.0,94.9,90.0,0.48,74.7,25.3,97,60.9,73852
2024,Enugu,Nsukka,72265,292.03,247.46,61.4,38.6,37137,35128,29.0,8.4,2.7,23.3,11.0,-9.8,26.6,68.4,65.5,0.3,77.5,22.5,97,15.8,32382
2018,Enugu,Oji River,566444,554.57,1021.41,77.7,22.299999999999997,274353,292091,35.3,6.6,1.8,38.8,5.9,0.1,29.8,99.4,84.9,0.34,66.4,33.6,54,18.3,49935
2016,Enugu,Udi,585643,490.94,1192.9,35.9,64.1,292330,293313,25.6,4.7,3.1,29.6,11.9,5.5,24.9,73.7,80.6,0.46,87.7,12.3,52,28.5,10463
2017,Rivers,Eleme,173573,993.9,174.64,61.4,38.6,84321,89252,26.3,8.2,3.2,32.0,6.5,3.0,28.7,71.2,76.3,0.67,66.7,33.3,93,21.0,55590
2011,Rivers,Port Harcourt,503555,529.74,950.57,33.7,66.3,242346,261209,27.7,7.2,2.5,37.3,10.6,8.7,26.5,92.5,74.5,0.3,73.6,26.4,76,68.4,82675
2023,Rivers,Eleme,771386,867.86,888.84,29.4,70.6,370370,401016,30.3,4.1,2.1,23.7,10.8,-7.2,19.4,82.4,84.3,0.81,76.7,23.3,92,18.4,66435
2020,Lagos,Ikeja,643748,126.86,5074.48,59.4,40.6,330755,312993,27.2,2.8,3.6,23.2,11.4,9.9,27.8,95.8,56.4,0.38,82.2,17.8,54,63.6,91823
2019,Enugu,Udi,470941,613.1,768.13,65.9,34.099999999999994,238787,232154,35.8,3.6,3.5,21.0,14.7,-4.8,23.0,74.0,70.8,0.7,83.9,16.1,76,50.2,58604
2014,Enugu,Nsukka,780799,707.61,1103.43,88.4,11.599999999999994,402069,378730,36.3,6.0,4.0,21.6,7.7,6.3,21.4,51.7,65.0,0.44,69.6,30.4,83,53.5,98627
2016,Lagos,Surulere,945054,381.32,2478.38,65.1,34.900000000000006,458377,486677,29.7,2.7,3.7,23.9,5.9,-8.8,24.0,72.2,61.0,0.44,82.5,17.5,75,10.8,41278
2013,Kaduna,Chikun,444067,539.35,823.34,53.2,46.8,229770,214297,39.1,6.4,3.4,34.7,12.4,-6.7,21.2,79.6,81.2,0.32,81.9,18.1,94,19.0,68829
2018,Kaduna,Kagarko,82891,919.72,90.13,85.5,14.5,42221,40670,33.2,7.1,2.0,21.5,6.5,7.2,21.5,97.1,72.0,0.79,87.5,12.5,66,35.3,10360
2023,Rivers,Obio/Akpor,273793,620.87,440.98,87.0,13.0,139682,134111,33.5,5.1,2.4,32.3,12.5,3.2,24.5,78.9,91.3,0.59,72.8,27.2,94,50.9,20781
2014,Rivers,Bonny,449621,292.87,1535.22,29.7,70.3,232027,217594,36.4,7.9,2.6,34.3,7.7,9.6,21.2,92.5,65.0,0.62,82.2,17.8,83,55.2,99607
2021,Enugu,Oji River,366436,780.94,469.22,37.4,62.6,181686,184750,26.0,4.6,3.9,37.2,6.5,5.3,18.6,52.5,91.2,0.81,71.7,28.3,67,34.3,96612
2018,Lagos,Ikorodu,138958,472.49,294.1,83.6,16.400000000000006,67901,71057,26.4,9.5,2.3,29.1,8.1,-2.6,29.3,57.6,55.3,0.67,84.7,15.3,71,34.7,23410
2013,Enugu,Udi,129702,319.68,405.72,48.8,51.2,63091,66611,35.1,8.4,3.8,27.5,8.0,-6.0,24.5,72.1,76.4,0.49,62.4,37.6,52,48.7,51978
2018,Kaduna,Chikun,470596,182.83,2573.95,64.3,35.7,240518,230078,26.1,6.9,2.6,25.5,9.4,2.8,18.8,61.3,93.2,0.88,78.4,21.6,86,65.2,86608
2022,Kano,Tarauni,940459,837.4,1123.07,29.0,71.0,460165,480294,26.1,9.8,3.7,35.9,8.4,7.9,23.8,65.9,53.3,0.54,83.5,16.5,71,47.9,47476
2024,Kaduna,Zaria,350284,229.39,1527.02,33.0,67.0,169271,181013,39.8,4.5,2.4,36.6,8.4,-9.8,26.4,63.4,61.3,0.82,81.7,18.3,76,53.0,83581
2014,Rivers,Bonny,501183,524.55,955.45,54.0,46.0,256293,244890,25.6,9.5,2.5,23.6,11.4,-1.1,25.5,91.3,75.8,0.35,61.3,38.7,58,30.6,96546
2010,Kaduna,Kagarko,664519,528.96,1256.27,35.2,64.8,327332,337187,35.0,9.1,2.4,39.8,14.8,-0.6,21.4,69.4,92.5,0.69,82.9,17.1,82,63.6,96636
2019,Rivers,Bonny,762787,333.77,2285.37,58.0,42.0,369031,393756,31.5,6.3,1.6,35.7,5.1,-6.5,28.0,90.6,67.6,0.45,73.6,26.4,57,15.9,35910
2015,Kaduna,Chikun,628142,750.18,837.32,51.5,48.5,305340,322802,34.6,9.6,3.4,20.3,8.0,-5.2,26.7,87.8,76.5,0.8,60.1,39.9,63,39.0,97518
2010,Rivers,Eleme,570326,201.84,2825.63,80.8,19.200000000000003,281982,288344,29.9,6.4,3.3,26.4,7.4,8.9,18.4,90.6,60.8,0.65,64.0,36.0,55,17.1,26747
2022,Kaduna,Kagarko,78739,461.74,170.53,85.6,14.400000000000006,40379,38360,36.0,2.8,3.4,30.1,12.2,8.9,22.1,58.3,88.2,0.37,78.8,21.2,86,17.7,87268
2023,Kaduna,Kagarko,429079,830.15,516.87,36.5,63.5,213461,215618,29.9,5.7,3.9,30.3,15.0,1.0,25.6,88.1,94.5,0.42,60.6,39.4,97,67.3,50505
2023,Rivers,Eleme,670321,111.79,5996.25,44.8,55.2,330328,339993,32.2,7.9,2.6,30.2,6.3,7.2,18.3,71.4,57.1,0.75,74.0,26.0,85,16.7,96060
2022,Enugu,Nsukka,105757,756.35,139.83,73.8,26.200000000000003,52334,53423,33.0,3.9,2.5,25.0,8.3,2.7,21.6,84.4,50.7,0.77,89.6,10.4,77,20.9,86283
2019,Lagos,Surulere,262823,347.47,756.39,77.5,22.5,127360,135463,29.9,2.4,3.5,26.2,9.8,6.1,25.8,66.6,73.6,0.45,80.7,19.3,81,27.4,94299
2018,Lagos,Epe,236558,872.36,271.17,26.9,73.1,118967,117591,30.7,5.9,2.8,33.2,5.7,-1.3,26.2,61.4,54.0,0.42,71.7,28.3,91,32.6,17857
2024,Kano,Gwale,968018,72.74,13307.92,30.0,70.0,495744,472274,38.3,8.9,1.6,20.3,7.2,-6.3,19.3,61.9,60.0,0.87,62.7,37.3,68,15.3,10906
2019,Rivers,Bonny,799966,584.5,1368.63,55.6,44.4,399264,400702,36.9,7.4,2.7,39.1,11.0,5.0,27.5,92.4,63.2,0.59,86.7,13.3,90,18.2,95440
2021,Enugu,Udi,558318,605.67,921.82,53.9,46.1,286238,272080,25.3,9.8,2.2,30.9,13.7,9.1,27.2,82.9,93.7,0.42,85.4,14.6,96,43.4,89935
2014,Lagos,Ikorodu,860327,416.68,2064.72,87.8,12.200000000000003,429828,430499,27.7,7.9,2.2,35.5,12.8,4.9,26.3,62.2,55.1,0.85,60.1,39.9,69,63.3,40300
2018,Enugu,Oji River,344522,919.51,374.68,20.4,79.6,165454,179068,39.6,8.4,2.1,36.0,9.3,4.7,23.2,56.1,80.5,0.53,67.6,32.4,88,44.2,81739
2013,Kano,Gwale,91286,723.97,126.09,20.2,79.8,45371,45915,25.9,2.7,2.8,26.3,10.0,0.3,20.8,86.4,87.9,0.63,87.0,13.0,54,56.6,69393
2013,Enugu,Oji River,615411,323.89,1900.06,76.0,24.0,318568,296843,28.2,5.9,2.8,20.0,10.1,1.3,21.3,90.4,55.0,0.4,86.9,13.1,73,13.5,25127
2011,Kano,Tarauni,750051,602.86,1244.15,70.3,29.700000000000003,376307,373744,38.8,4.2,2.9,28.5,10.8,-2.6,22.6,67.3,66.8,0.81,77.6,22.4,95,16.1,45441
2019,Kaduna,Chikun,563271,961.19,586.01,57.6,42.4,292383,270888,36.8,4.5,2.7,39.0,7.6,1.5,20.3,55.8,86.2,0.58,70.0,30.0,58,18.9,40496
2022,Lagos,Ikeja,940686,705.47,1333.42,82.0,18.0,476397,464289,32.0,5.1,2.7,34.7,10.3,-9.6,21.5,71.4,83.1,0.79,85.7,14.3,71,57.8,36428
2014,Lagos,Ikeja,76367,324.63,235.24,31.0,69.0,36915,39452,30.7,9.1,3.8,31.7,5.2,2.8,26.8,95.2,63.7,0.5,84.5,15.5,100,16.3,70483
2015,Kano,Gwale,689590,616.8,1118.01,89.1,10.900000000000006,336797,352793,26.0,6.7,2.7,21.6,8.6,-2.4,29.6,81.9,66.5,0.75,74.1,25.9,97,15.4,87217
2012,Rivers,Eleme,576668,341.03,1690.96,40.3,59.7,288252,288416,34.1,4.1,3.7,25.3,11.8,-9.1,30.0,72.8,83.9,0.34,86.3,13.7,52,63.1,51396
2022,Kano,Tarauni,655373,451.99,1449.97,44.1,55.9,325209,330164,35.7,9.1,2.5,21.0,13.0,2.3,22.9,86.7,92.6,0.69,68.9,31.1,60,27.3,17831
2019,Kaduna,Kagarko,536682,486.75,1102.58,40.3,59.7,269479,267203,27.9,5.5,3.3,30.2,8.7,8.0,26.5,82.8,76.7,0.31,61.2,38.8,65,68.2,59774
2024,Enugu,Nsukka,956756,632.35,1513.02,89.4,10.599999999999994,464454,492302,32.4,9.9,3.2,27.5,7.3,0.2,22.6,58.3,64.9,0.39,68.0,32.0,79,17.7,45784
2022,Rivers,Eleme,693254,197.12,3516.91,71.8,28.200000000000003,353097,340157,39.0,6.3,2.5,23.5,6.0,5.8,20.4,55.2,63.3,0.73,73.5,26.5,65,11.5,51221
2016,Lagos,Ikeja,936822,128.45,7293.28,23.1,76.9,470237,466585,31.5,2.6,1.8,30.5,10.4,3.0,29.2,65.0,68.5,0.57,89.3,10.7,86,41.7,60010
2020,Kano,Gwale,111133,454.56,244.48,54.2,45.8,54591,56542,28.9,8.9,2.1,26.4,13.0,3.5,22.9,92.3,82.8,0.5,76.8,23.2,91,54.0,73960
2017,Enugu,Awgu,209885,850.58,246.76,23.6,76.4,107791,102094,31.4,7.8,2.8,26.1,12.3,0.6,24.7,79.1,91.4,0.67,75.6,24.4,54,35.6,29381
2015,Kano,Tarauni,653883,732.92,892.16,78.9,21.099999999999994,328127,325756,26.4,8.7,3.2,23.4,7.8,0.1,25.0,57.5,59.5,0.58,72.7,27.3,76,28.8,98676
2022,Kaduna,Chikun,58460,364.48,160.39,59.3,40.7,30333,28127,26.6,4.5,2.0,38.8,6.1,6.4,18.4,64.5,50.4,0.55,81.3,18.7,98,10.6,20945
2017,Kaduna,Zaria,410131,444.59,922.49,34.5,65.5,208067,202064,28.1,2.3,2.5,32.1,13.8,-1.5,20.1,94.7,63.3,0.9,83.5,16.5,57,52.5,75460
